electrode,x,y,z,w,h,d,default,all,bank0,double_length,bank1,bank2,bank3,bank4
0.0,-30.0,200.0,0.0,12.0,12.0,24.0,1.0,1.0,1.0,0.0,0.0,0.0,0.0,0.0
1.0,2.0,200.0,0.0,12.0,12.0,24.0,1.0,1.0,1.0,1.0,0.0,0.0,0.0,0.0
2.0,-30.0,215.0,0.0,12.0,12.0,24.0,1.0,1.0,1.0,0.0,0.0,0.0,0.0,0.0
3.0,2.0,215.0,0.0,12.0,12.0,24.0,1.0,1.0,1.0,1.0,0.0,0.0,0.0,0.0
4.0,-30.0,230.0,0.0,12.0,12.0,24.0,1.0,1.0,1.0,0.0,0.0,0.0,0.0,0.0
5.0,2.0,230.0,0.0,12.0,12.0,24.0,1.0,1.0,1.0,1.0,0.0,0.0,0.0,0.0
6.0,-30.0,245.0,0.0,12.0,12.0,24.0,1.0,1.0,1.0,0.0,0.0,0.0,0.0,0.0
7.0,2.0,245.0,0.0,12.0,12.0,24.0,1.0,1.0,1.0,1.0,0.0,0.0,0.0,0.0
8.0,-30.0,260.0,0.0,12.0,12.0,24.0,1.0,1.0,1.0,0.0,0.0,0.0,0.0,0.0
9.0,2.0,260.0,0.0,12.0,12.0,24.0,1.0,1.0,1.0,1.0,0.0,0.0,0.0,0.0
10.0,-30.0,275.0,0.0,12.0,12.0,24.0,1.0,1.0,1.0,0.0,0.0,0.0,0.0,0.0
11.0,2.0,275.0,0.0,12.0,12.0,24.0,1.0,1.0,1.0,1.0,0.0,0.0,0.0,0.0
12.0,-30.0,290.0,0.0,12.0,12.0,24.0,1.0,1.0,1.0,0.0,0.0,0.0,0.0,0.0
13.0,2.0,290.0,0.0,12.0,12.0,24.0,1.0,1.0,1.0,1.0,0.0,0.0,0.0,0.0
14.0,-30.0,305.0,0.0,12.0,12.0,24.0,1.0,1.0,1.0,0.0,0.0,0.0,0.0,0.0
15.0,2.0,305.0,0.0,12.0,12.0,24.0,1.0,1.0,1.0,1.0,0.0,0.0,0.0,0.0
16.0,-30.0,320.0,0.0,12.0,12.0,24.0,1.0,1.0,1.0,0.0,0.0,0.0,0.0,0.0
17.0,2.0,320.0,0.0,12.0,12.0,24.0,1.0,1.0,1.0,1.0,0.0,0.0,0.0,0.0
18.0,-30.0,335.0,0.0,12.0,12.0,24.0,1.0,1.0,1.0,0.0,0.0,0.0,0.0,0.0
19.0,2.0,335.0,0.0,12.0,12.0,24.0,1.0,1.0,1.0,1.0,0.0,0.0,0.0,0.0
20.0,-30.0,350.0,0.0,12.0,12.0,24.0,1.0,1.0,1.0,0.0,0.0,0.0,0.0,0.0
21.0,2.0,350.0,0.0,12.0,12.0,24.0,1.0,1.0,1.0,1.0,0.0,0.0,0.0,0.0
22.0,-30.0,365.0,0.0,12.0,12.0,24.0,1.0,1.0,1.0,0.0,0.0,0.0,0.0,0.0
23.0,2.0,365.0,0.0,12.0,12.0,24.0,1.0,1.0,1.0,1.0,0.0,0.0,0.0,0.0
24.0,-30.0,380.0,0.0,12.0,12.0,24.0,1.0,1.0,1.0,0.0,0.0,0.0,0.0,0.0
25.0,2.0,380.0,0.0,12.0,12.0,24.0,1.0,1.0,1.0,1.0,0.0,0.0,0.0,0.0
26.0,-30.0,395.0,0.0,12.0,12.0,24.0,1.0,1.0,1.0,0.0,0.0,0.0,0.0,0.0
27.0,2.0,395.0,0.0,12.0,12.0,24.0,1.0,1.0,1.0,1.0,0.0,0.0,0.0,0.0
28.0,-30.0,410.0,0.0,12.0,12.0,24.0,1.0,1.0,1.0,0.0,0.0,0.0,0.0,0.0
29.0,2.0,410.0,0.0,12.0,12.0,24.0,1.0,1.0,1.0,1.0,0.0,0.0,0.0,0.0
30.0,-30.0,425.0,0.0,12.0,12.0,24.0,1.0,1.0,1.0,0.0,0.0,0.0,0.0,0.0
31.0,2.0,425.0,0.0,12.0,12.0,24.0,1.0,1.0,1.0,1.0,0.0,0.0,0.0,0.0
32.0,-30.0,440.0,0.0,12.0,12.0,24.0,1.0,1.0,1.0,0.0,0.0,0.0,0.0,0.0
33.0,2.0,440.0,0.0,12.0,12.0,24.0,1.0,1.0,1.0,1.0,0.0,0.0,0.0,0.0
34.0,-30.0,455.0,0.0,12.0,12.0,24.0,1.0,1.0,1.0,0.0,0.0,0.0,0.0,0.0
35.0,2.0,455.0,0.0,12.0,12.0,24.0,1.0,1.0,1.0,1.0,0.0,0.0,0.0,0.0
36.0,-30.0,470.0,0.0,12.0,12.0,24.0,1.0,1.0,1.0,0.0,0.0,0.0,0.0,0.0
37.0,2.0,470.0,0.0,12.0,12.0,24.0,1.0,1.0,1.0,1.0,0.0,0.0,0.0,0.0
38.0,-30.0,485.0,0.0,12.0,12.0,24.0,1.0,1.0,1.0,0.0,0.0,0.0,0.0,0.0
39.0,2.0,485.0,0.0,12.0,12.0,24.0,1.0,1.0,1.0,1.0,0.0,0.0,0.0,0.0
40.0,-30.0,500.0,0.0,12.0,12.0,24.0,1.0,1.0,1.0,0.0,0.0,0.0,0.0,0.0
41.0,2.0,500.0,0.0,12.0,12.0,24.0,1.0,1.0,1.0,1.0,0.0,0.0,0.0,0.0
42.0,-30.0,515.0,0.0,12.0,12.0,24.0,1.0,1.0,1.0,0.0,0.0,0.0,0.0,0.0
43.0,2.0,515.0,0.0,12.0,12.0,24.0,1.0,1.0,1.0,1.0,0.0,0.0,0.0,0.0
44.0,-30.0,530.0,0.0,12.0,12.0,24.0,1.0,1.0,1.0,0.0,0.0,0.0,0.0,0.0
45.0,2.0,530.0,0.0,12.0,12.0,24.0,1.0,1.0,1.0,1.0,0.0,0.0,0.0,0.0
46.0,-30.0,545.0,0.0,12.0,12.0,24.0,1.0,1.0,1.0,0.0,0.0,0.0,0.0,0.0
47.0,2.0,545.0,0.0,12.0,12.0,24.0,1.0,1.0,1.0,1.0,0.0,0.0,0.0,0.0
48.0,-30.0,560.0,0.0,12.0,12.0,24.0,1.0,1.0,1.0,0.0,0.0,0.0,0.0,0.0
49.0,2.0,560.0,0.0,12.0,12.0,24.0,1.0,1.0,1.0,1.0,0.0,0.0,0.0,0.0
50.0,-30.0,575.0,0.0,12.0,12.0,24.0,1.0,1.0,1.0,0.0,0.0,0.0,0.0,0.0
51.0,2.0,575.0,0.0,12.0,12.0,24.0,1.0,1.0,1.0,1.0,0.0,0.0,0.0,0.0
52.0,-30.0,590.0,0.0,12.0,12.0,24.0,1.0,1.0,1.0,0.0,0.0,0.0,0.0,0.0
53.0,2.0,590.0,0.0,12.0,12.0,24.0,1.0,1.0,1.0,1.0,0.0,0.0,0.0,0.0
54.0,-30.0,605.0,0.0,12.0,12.0,24.0,1.0,1.0,1.0,0.0,0.0,0.0,0.0,0.0
55.0,2.0,605.0,0.0,12.0,12.0,24.0,1.0,1.0,1.0,1.0,0.0,0.0,0.0,0.0
56.0,-30.0,620.0,0.0,12.0,12.0,24.0,1.0,1.0,1.0,0.0,0.0,0.0,0.0,0.0
57.0,2.0,620.0,0.0,12.0,12.0,24.0,1.0,1.0,1.0,1.0,0.0,0.0,0.0,0.0
58.0,-30.0,635.0,0.0,12.0,12.0,24.0,1.0,1.0,1.0,0.0,0.0,0.0,0.0,0.0
59.0,2.0,635.0,0.0,12.0,12.0,24.0,1.0,1.0,1.0,1.0,0.0,0.0,0.0,0.0
60.0,-30.0,650.0,0.0,12.0,12.0,24.0,1.0,1.0,1.0,0.0,0.0,0.0,0.0,0.0
61.0,2.0,650.0,0.0,12.0,12.0,24.0,1.0,1.0,1.0,1.0,0.0,0.0,0.0,0.0
62.0,-30.0,665.0,0.0,12.0,12.0,24.0,1.0,1.0,1.0,0.0,0.0,0.0,0.0,0.0
63.0,2.0,665.0,0.0,12.0,12.0,24.0,1.0,1.0,1.0,1.0,0.0,0.0,0.0,0.0
64.0,-30.0,680.0,0.0,12.0,12.0,24.0,1.0,1.0,1.0,0.0,0.0,0.0,0.0,0.0
65.0,2.0,680.0,0.0,12.0,12.0,24.0,1.0,1.0,1.0,1.0,0.0,0.0,0.0,0.0
66.0,-30.0,695.0,0.0,12.0,12.0,24.0,1.0,1.0,1.0,0.0,0.0,0.0,0.0,0.0
67.0,2.0,695.0,0.0,12.0,12.0,24.0,1.0,1.0,1.0,1.0,0.0,0.0,0.0,0.0
68.0,-30.0,710.0,0.0,12.0,12.0,24.0,1.0,1.0,1.0,0.0,0.0,0.0,0.0,0.0
69.0,2.0,710.0,0.0,12.0,12.0,24.0,1.0,1.0,1.0,1.0,0.0,0.0,0.0,0.0
70.0,-30.0,725.0,0.0,12.0,12.0,24.0,1.0,1.0,1.0,0.0,0.0,0.0,0.0,0.0
71.0,2.0,725.0,0.0,12.0,12.0,24.0,1.0,1.0,1.0,1.0,0.0,0.0,0.0,0.0
72.0,-30.0,740.0,0.0,12.0,12.0,24.0,1.0,1.0,1.0,0.0,0.0,0.0,0.0,0.0
73.0,2.0,740.0,0.0,12.0,12.0,24.0,1.0,1.0,1.0,1.0,0.0,0.0,0.0,0.0
74.0,-30.0,755.0,0.0,12.0,12.0,24.0,1.0,1.0,1.0,0.0,0.0,0.0,0.0,0.0
75.0,2.0,755.0,0.0,12.0,12.0,24.0,1.0,1.0,1.0,1.0,0.0,0.0,0.0,0.0
76.0,-30.0,770.0,0.0,12.0,12.0,24.0,1.0,1.0,1.0,0.0,0.0,0.0,0.0,0.0
77.0,2.0,770.0,0.0,12.0,12.0,24.0,1.0,1.0,1.0,1.0,0.0,0.0,0.0,0.0
78.0,-30.0,785.0,0.0,12.0,12.0,24.0,1.0,1.0,1.0,0.0,0.0,0.0,0.0,0.0
79.0,2.0,785.0,0.0,12.0,12.0,24.0,1.0,1.0,1.0,1.0,0.0,0.0,0.0,0.0
80.0,-30.0,800.0,0.0,12.0,12.0,24.0,1.0,1.0,1.0,0.0,0.0,0.0,0.0,0.0
81.0,2.0,800.0,0.0,12.0,12.0,24.0,1.0,1.0,1.0,1.0,0.0,0.0,0.0,0.0
82.0,-30.0,815.0,0.0,12.0,12.0,24.0,1.0,1.0,1.0,0.0,0.0,0.0,0.0,0.0
83.0,2.0,815.0,0.0,12.0,12.0,24.0,1.0,1.0,1.0,1.0,0.0,0.0,0.0,0.0
84.0,-30.0,830.0,0.0,12.0,12.0,24.0,1.0,1.0,1.0,0.0,0.0,0.0,0.0,0.0
85.0,2.0,830.0,0.0,12.0,12.0,24.0,1.0,1.0,1.0,1.0,0.0,0.0,0.0,0.0
86.0,-30.0,845.0,0.0,12.0,12.0,24.0,1.0,1.0,1.0,0.0,0.0,0.0,0.0,0.0
87.0,2.0,845.0,0.0,12.0,12.0,24.0,1.0,1.0,1.0,1.0,0.0,0.0,0.0,0.0
88.0,-30.0,860.0,0.0,12.0,12.0,24.0,1.0,1.0,1.0,0.0,0.0,0.0,0.0,0.0
89.0,2.0,860.0,0.0,12.0,12.0,24.0,1.0,1.0,1.0,1.0,0.0,0.0,0.0,0.0
90.0,-30.0,875.0,0.0,12.0,12.0,24.0,1.0,1.0,1.0,0.0,0.0,0.0,0.0,0.0
91.0,2.0,875.0,0.0,12.0,12.0,24.0,1.0,1.0,1.0,1.0,0.0,0.0,0.0,0.0
92.0,-30.0,890.0,0.0,12.0,12.0,24.0,1.0,1.0,1.0,0.0,0.0,0.0,0.0,0.0
93.0,2.0,890.0,0.0,12.0,12.0,24.0,1.0,1.0,1.0,1.0,0.0,0.0,0.0,0.0
94.0,-30.0,905.0,0.0,12.0,12.0,24.0,1.0,1.0,1.0,0.0,0.0,0.0,0.0,0.0
95.0,2.0,905.0,0.0,12.0,12.0,24.0,1.0,1.0,1.0,1.0,0.0,0.0,0.0,0.0
96.0,-30.0,920.0,0.0,12.0,12.0,24.0,0.0,1.0,0.0,1.0,1.0,0.0,0.0,0.0
97.0,2.0,920.0,0.0,12.0,12.0,24.0,0.0,1.0,0.0,0.0,1.0,0.0,0.0,0.0
98.0,-30.0,935.0,0.0,12.0,12.0,24.0,0.0,1.0,0.0,1.0,1.0,0.0,0.0,0.0
99.0,2.0,935.0,0.0,12.0,12.0,24.0,0.0,1.0,0.0,0.0,1.0,0.0,0.0,0.0
100.0,-30.0,950.0,0.0,12.0,12.0,24.0,0.0,1.0,0.0,1.0,1.0,0.0,0.0,0.0
101.0,2.0,950.0,0.0,12.0,12.0,24.0,0.0,1.0,0.0,0.0,1.0,0.0,0.0,0.0
102.0,-30.0,965.0,0.0,12.0,12.0,24.0,0.0,1.0,0.0,1.0,1.0,0.0,0.0,0.0
103.0,2.0,965.0,0.0,12.0,12.0,24.0,0.0,1.0,0.0,0.0,1.0,0.0,0.0,0.0
104.0,-30.0,980.0,0.0,12.0,12.0,24.0,0.0,1.0,0.0,1.0,1.0,0.0,0.0,0.0
105.0,2.0,980.0,0.0,12.0,12.0,24.0,0.0,1.0,0.0,0.0,1.0,0.0,0.0,0.0
106.0,-30.0,995.0,0.0,12.0,12.0,24.0,0.0,1.0,0.0,1.0,1.0,0.0,0.0,0.0
107.0,2.0,995.0,0.0,12.0,12.0,24.0,0.0,1.0,0.0,0.0,1.0,0.0,0.0,0.0
108.0,-30.0,1010.0,0.0,12.0,12.0,24.0,0.0,1.0,0.0,1.0,1.0,0.0,0.0,0.0
109.0,2.0,1010.0,0.0,12.0,12.0,24.0,0.0,1.0,0.0,0.0,1.0,0.0,0.0,0.0
110.0,-30.0,1025.0,0.0,12.0,12.0,24.0,0.0,1.0,0.0,1.0,1.0,0.0,0.0,0.0
111.0,2.0,1025.0,0.0,12.0,12.0,24.0,0.0,1.0,0.0,0.0,1.0,0.0,0.0,0.0
112.0,-30.0,1040.0,0.0,12.0,12.0,24.0,0.0,1.0,0.0,1.0,1.0,0.0,0.0,0.0
113.0,2.0,1040.0,0.0,12.0,12.0,24.0,0.0,1.0,0.0,0.0,1.0,0.0,0.0,0.0
114.0,-30.0,1055.0,0.0,12.0,12.0,24.0,0.0,1.0,0.0,1.0,1.0,0.0,0.0,0.0
115.0,2.0,1055.0,0.0,12.0,12.0,24.0,0.0,1.0,0.0,0.0,1.0,0.0,0.0,0.0
116.0,-30.0,1070.0,0.0,12.0,12.0,24.0,0.0,1.0,0.0,1.0,1.0,0.0,0.0,0.0
117.0,2.0,1070.0,0.0,12.0,12.0,24.0,0.0,1.0,0.0,0.0,1.0,0.0,0.0,0.0
118.0,-30.0,1085.0,0.0,12.0,12.0,24.0,0.0,1.0,0.0,1.0,1.0,0.0,0.0,0.0
119.0,2.0,1085.0,0.0,12.0,12.0,24.0,0.0,1.0,0.0,0.0,1.0,0.0,0.0,0.0
120.0,-30.0,1100.0,0.0,12.0,12.0,24.0,0.0,1.0,0.0,1.0,1.0,0.0,0.0,0.0
121.0,2.0,1100.0,0.0,12.0,12.0,24.0,0.0,1.0,0.0,0.0,1.0,0.0,0.0,0.0
122.0,-30.0,1115.0,0.0,12.0,12.0,24.0,0.0,1.0,0.0,1.0,1.0,0.0,0.0,0.0
123.0,2.0,1115.0,0.0,12.0,12.0,24.0,0.0,1.0,0.0,0.0,1.0,0.0,0.0,0.0
124.0,-30.0,1130.0,0.0,12.0,12.0,24.0,0.0,1.0,0.0,1.0,1.0,0.0,0.0,0.0
125.0,2.0,1130.0,0.0,12.0,12.0,24.0,0.0,1.0,0.0,0.0,1.0,0.0,0.0,0.0
126.0,-30.0,1145.0,0.0,12.0,12.0,24.0,0.0,1.0,0.0,1.0,1.0,0.0,0.0,0.0
127.0,2.0,1145.0,0.0,12.0,12.0,24.0,0.0,1.0,0.0,0.0,1.0,0.0,0.0,0.0
128.0,-30.0,1160.0,0.0,12.0,12.0,24.0,0.0,1.0,0.0,1.0,1.0,0.0,0.0,0.0
129.0,2.0,1160.0,0.0,12.0,12.0,24.0,0.0,1.0,0.0,0.0,1.0,0.0,0.0,0.0
130.0,-30.0,1175.0,0.0,12.0,12.0,24.0,0.0,1.0,0.0,1.0,1.0,0.0,0.0,0.0
131.0,2.0,1175.0,0.0,12.0,12.0,24.0,0.0,1.0,0.0,0.0,1.0,0.0,0.0,0.0
132.0,-30.0,1190.0,0.0,12.0,12.0,24.0,0.0,1.0,0.0,1.0,1.0,0.0,0.0,0.0
133.0,2.0,1190.0,0.0,12.0,12.0,24.0,0.0,1.0,0.0,0.0,1.0,0.0,0.0,0.0
134.0,-30.0,1205.0,0.0,12.0,12.0,24.0,0.0,1.0,0.0,1.0,1.0,0.0,0.0,0.0
135.0,2.0,1205.0,0.0,12.0,12.0,24.0,0.0,1.0,0.0,0.0,1.0,0.0,0.0,0.0
136.0,-30.0,1220.0,0.0,12.0,12.0,24.0,0.0,1.0,0.0,1.0,1.0,0.0,0.0,0.0
137.0,2.0,1220.0,0.0,12.0,12.0,24.0,0.0,1.0,0.0,0.0,1.0,0.0,0.0,0.0
138.0,-30.0,1235.0,0.0,12.0,12.0,24.0,0.0,1.0,0.0,1.0,1.0,0.0,0.0,0.0
139.0,2.0,1235.0,0.0,12.0,12.0,24.0,0.0,1.0,0.0,0.0,1.0,0.0,0.0,0.0
140.0,-30.0,1250.0,0.0,12.0,12.0,24.0,0.0,1.0,0.0,1.0,1.0,0.0,0.0,0.0
141.0,2.0,1250.0,0.0,12.0,12.0,24.0,0.0,1.0,0.0,0.0,1.0,0.0,0.0,0.0
142.0,-30.0,1265.0,0.0,12.0,12.0,24.0,0.0,1.0,0.0,1.0,1.0,0.0,0.0,0.0
143.0,2.0,1265.0,0.0,12.0,12.0,24.0,0.0,1.0,0.0,0.0,1.0,0.0,0.0,0.0
144.0,-30.0,1280.0,0.0,12.0,12.0,24.0,0.0,1.0,0.0,1.0,1.0,0.0,0.0,0.0
145.0,2.0,1280.0,0.0,12.0,12.0,24.0,0.0,1.0,0.0,0.0,1.0,0.0,0.0,0.0
146.0,-30.0,1295.0,0.0,12.0,12.0,24.0,0.0,1.0,0.0,1.0,1.0,0.0,0.0,0.0
147.0,2.0,1295.0,0.0,12.0,12.0,24.0,0.0,1.0,0.0,0.0,1.0,0.0,0.0,0.0
148.0,-30.0,1310.0,0.0,12.0,12.0,24.0,0.0,1.0,0.0,1.0,1.0,0.0,0.0,0.0
149.0,2.0,1310.0,0.0,12.0,12.0,24.0,0.0,1.0,0.0,0.0,1.0,0.0,0.0,0.0
150.0,-30.0,1325.0,0.0,12.0,12.0,24.0,0.0,1.0,0.0,1.0,1.0,0.0,0.0,0.0
151.0,2.0,1325.0,0.0,12.0,12.0,24.0,0.0,1.0,0.0,0.0,1.0,0.0,0.0,0.0
152.0,-30.0,1340.0,0.0,12.0,12.0,24.0,0.0,1.0,0.0,1.0,1.0,0.0,0.0,0.0
153.0,2.0,1340.0,0.0,12.0,12.0,24.0,0.0,1.0,0.0,0.0,1.0,0.0,0.0,0.0
154.0,-30.0,1355.0,0.0,12.0,12.0,24.0,0.0,1.0,0.0,1.0,1.0,0.0,0.0,0.0
155.0,2.0,1355.0,0.0,12.0,12.0,24.0,0.0,1.0,0.0,0.0,1.0,0.0,0.0,0.0
156.0,-30.0,1370.0,0.0,12.0,12.0,24.0,0.0,1.0,0.0,1.0,1.0,0.0,0.0,0.0
157.0,2.0,1370.0,0.0,12.0,12.0,24.0,0.0,1.0,0.0,0.0,1.0,0.0,0.0,0.0
158.0,-30.0,1385.0,0.0,12.0,12.0,24.0,0.0,1.0,0.0,1.0,1.0,0.0,0.0,0.0
159.0,2.0,1385.0,0.0,12.0,12.0,24.0,0.0,1.0,0.0,0.0,1.0,0.0,0.0,0.0
160.0,-30.0,1400.0,0.0,12.0,12.0,24.0,0.0,1.0,0.0,1.0,1.0,0.0,0.0,0.0
161.0,2.0,1400.0,0.0,12.0,12.0,24.0,0.0,1.0,0.0,0.0,1.0,0.0,0.0,0.0
162.0,-30.0,1415.0,0.0,12.0,12.0,24.0,0.0,1.0,0.0,1.0,1.0,0.0,0.0,0.0
163.0,2.0,1415.0,0.0,12.0,12.0,24.0,0.0,1.0,0.0,0.0,1.0,0.0,0.0,0.0
164.0,-30.0,1430.0,0.0,12.0,12.0,24.0,0.0,1.0,0.0,1.0,1.0,0.0,0.0,0.0
165.0,2.0,1430.0,0.0,12.0,12.0,24.0,0.0,1.0,0.0,0.0,1.0,0.0,0.0,0.0
166.0,-30.0,1445.0,0.0,12.0,12.0,24.0,0.0,1.0,0.0,1.0,1.0,0.0,0.0,0.0
167.0,2.0,1445.0,0.0,12.0,12.0,24.0,0.0,1.0,0.0,0.0,1.0,0.0,0.0,0.0
168.0,-30.0,1460.0,0.0,12.0,12.0,24.0,0.0,1.0,0.0,1.0,1.0,0.0,0.0,0.0
169.0,2.0,1460.0,0.0,12.0,12.0,24.0,0.0,1.0,0.0,0.0,1.0,0.0,0.0,0.0
170.0,-30.0,1475.0,0.0,12.0,12.0,24.0,0.0,1.0,0.0,1.0,1.0,0.0,0.0,0.0
171.0,2.0,1475.0,0.0,12.0,12.0,24.0,0.0,1.0,0.0,0.0,1.0,0.0,0.0,0.0
172.0,-30.0,1490.0,0.0,12.0,12.0,24.0,0.0,1.0,0.0,1.0,1.0,0.0,0.0,0.0
173.0,2.0,1490.0,0.0,12.0,12.0,24.0,0.0,1.0,0.0,0.0,1.0,0.0,0.0,0.0
174.0,-30.0,1505.0,0.0,12.0,12.0,24.0,0.0,1.0,0.0,1.0,1.0,0.0,0.0,0.0
175.0,2.0,1505.0,0.0,12.0,12.0,24.0,0.0,1.0,0.0,0.0,1.0,0.0,0.0,0.0
176.0,-30.0,1520.0,0.0,12.0,12.0,24.0,0.0,1.0,0.0,1.0,1.0,0.0,0.0,0.0
177.0,2.0,1520.0,0.0,12.0,12.0,24.0,0.0,1.0,0.0,0.0,1.0,0.0,0.0,0.0
178.0,-30.0,1535.0,0.0,12.0,12.0,24.0,0.0,1.0,0.0,1.0,1.0,0.0,0.0,0.0
179.0,2.0,1535.0,0.0,12.0,12.0,24.0,0.0,1.0,0.0,0.0,1.0,0.0,0.0,0.0
180.0,-30.0,1550.0,0.0,12.0,12.0,24.0,0.0,1.0,0.0,1.0,1.0,0.0,0.0,0.0
181.0,2.0,1550.0,0.0,12.0,12.0,24.0,0.0,1.0,0.0,0.0,1.0,0.0,0.0,0.0
182.0,-30.0,1565.0,0.0,12.0,12.0,24.0,0.0,1.0,0.0,1.0,1.0,0.0,0.0,0.0
183.0,2.0,1565.0,0.0,12.0,12.0,24.0,0.0,1.0,0.0,0.0,1.0,0.0,0.0,0.0
184.0,-30.0,1580.0,0.0,12.0,12.0,24.0,0.0,1.0,0.0,1.0,1.0,0.0,0.0,0.0
185.0,2.0,1580.0,0.0,12.0,12.0,24.0,0.0,1.0,0.0,0.0,1.0,0.0,0.0,0.0
186.0,-30.0,1595.0,0.0,12.0,12.0,24.0,0.0,1.0,0.0,1.0,1.0,0.0,0.0,0.0
187.0,2.0,1595.0,0.0,12.0,12.0,24.0,0.0,1.0,0.0,0.0,1.0,0.0,0.0,0.0
188.0,-30.0,1610.0,0.0,12.0,12.0,24.0,0.0,1.0,0.0,1.0,1.0,0.0,0.0,0.0
189.0,2.0,1610.0,0.0,12.0,12.0,24.0,0.0,1.0,0.0,0.0,1.0,0.0,0.0,0.0
190.0,-30.0,1625.0,0.0,12.0,12.0,24.0,0.0,1.0,0.0,1.0,1.0,0.0,0.0,0.0
191.0,2.0,1625.0,0.0,12.0,12.0,24.0,0.0,1.0,0.0,0.0,1.0,0.0,0.0,0.0
192.0,-30.0,1640.0,0.0,12.0,12.0,24.0,0.0,1.0,0.0,0.0,0.0,1.0,0.0,0.0
193.0,2.0,1640.0,0.0,12.0,12.0,24.0,0.0,1.0,0.0,0.0,0.0,1.0,0.0,0.0
194.0,-30.0,1655.0,0.0,12.0,12.0,24.0,0.0,1.0,0.0,0.0,0.0,1.0,0.0,0.0
195.0,2.0,1655.0,0.0,12.0,12.0,24.0,0.0,1.0,0.0,0.0,0.0,1.0,0.0,0.0
196.0,-30.0,1670.0,0.0,12.0,12.0,24.0,0.0,1.0,0.0,0.0,0.0,1.0,0.0,0.0
197.0,2.0,1670.0,0.0,12.0,12.0,24.0,0.0,1.0,0.0,0.0,0.0,1.0,0.0,0.0
198.0,-30.0,1685.0,0.0,12.0,12.0,24.0,0.0,1.0,0.0,0.0,0.0,1.0,0.0,0.0
199.0,2.0,1685.0,0.0,12.0,12.0,24.0,0.0,1.0,0.0,0.0,0.0,1.0,0.0,0.0
200.0,-30.0,1700.0,0.0,12.0,12.0,24.0,0.0,1.0,0.0,0.0,0.0,1.0,0.0,0.0
201.0,2.0,1700.0,0.0,12.0,12.0,24.0,0.0,1.0,0.0,0.0,0.0,1.0,0.0,0.0
202.0,-30.0,1715.0,0.0,12.0,12.0,24.0,0.0,1.0,0.0,0.0,0.0,1.0,0.0,0.0
203.0,2.0,1715.0,0.0,12.0,12.0,24.0,0.0,1.0,0.0,0.0,0.0,1.0,0.0,0.0
204.0,-30.0,1730.0,0.0,12.0,12.0,24.0,0.0,1.0,0.0,0.0,0.0,1.0,0.0,0.0
205.0,2.0,1730.0,0.0,12.0,12.0,24.0,0.0,1.0,0.0,0.0,0.0,1.0,0.0,0.0
206.0,-30.0,1745.0,0.0,12.0,12.0,24.0,0.0,1.0,0.0,0.0,0.0,1.0,0.0,0.0
207.0,2.0,1745.0,0.0,12.0,12.0,24.0,0.0,1.0,0.0,0.0,0.0,1.0,0.0,0.0
208.0,-30.0,1760.0,0.0,12.0,12.0,24.0,0.0,1.0,0.0,0.0,0.0,1.0,0.0,0.0
209.0,2.0,1760.0,0.0,12.0,12.0,24.0,0.0,1.0,0.0,0.0,0.0,1.0,0.0,0.0
210.0,-30.0,1775.0,0.0,12.0,12.0,24.0,0.0,1.0,0.0,0.0,0.0,1.0,0.0,0.0
211.0,2.0,1775.0,0.0,12.0,12.0,24.0,0.0,1.0,0.0,0.0,0.0,1.0,0.0,0.0
212.0,-30.0,1790.0,0.0,12.0,12.0,24.0,0.0,1.0,0.0,0.0,0.0,1.0,0.0,0.0
213.0,2.0,1790.0,0.0,12.0,12.0,24.0,0.0,1.0,0.0,0.0,0.0,1.0,0.0,0.0
214.0,-30.0,1805.0,0.0,12.0,12.0,24.0,0.0,1.0,0.0,0.0,0.0,1.0,0.0,0.0
215.0,2.0,1805.0,0.0,12.0,12.0,24.0,0.0,1.0,0.0,0.0,0.0,1.0,0.0,0.0
216.0,-30.0,1820.0,0.0,12.0,12.0,24.0,0.0,1.0,0.0,0.0,0.0,1.0,0.0,0.0
217.0,2.0,1820.0,0.0,12.0,12.0,24.0,0.0,1.0,0.0,0.0,0.0,1.0,0.0,0.0
218.0,-30.0,1835.0,0.0,12.0,12.0,24.0,0.0,1.0,0.0,0.0,0.0,1.0,0.0,0.0
219.0,2.0,1835.0,0.0,12.0,12.0,24.0,0.0,1.0,0.0,0.0,0.0,1.0,0.0,0.0
220.0,-30.0,1850.0,0.0,12.0,12.0,24.0,0.0,1.0,0.0,0.0,0.0,1.0,0.0,0.0
221.0,2.0,1850.0,0.0,12.0,12.0,24.0,0.0,1.0,0.0,0.0,0.0,1.0,0.0,0.0
222.0,-30.0,1865.0,0.0,12.0,12.0,24.0,0.0,1.0,0.0,0.0,0.0,1.0,0.0,0.0
223.0,2.0,1865.0,0.0,12.0,12.0,24.0,0.0,1.0,0.0,0.0,0.0,1.0,0.0,0.0
224.0,-30.0,1880.0,0.0,12.0,12.0,24.0,0.0,1.0,0.0,0.0,0.0,1.0,0.0,0.0
225.0,2.0,1880.0,0.0,12.0,12.0,24.0,0.0,1.0,0.0,0.0,0.0,1.0,0.0,0.0
226.0,-30.0,1895.0,0.0,12.0,12.0,24.0,0.0,1.0,0.0,0.0,0.0,1.0,0.0,0.0
227.0,2.0,1895.0,0.0,12.0,12.0,24.0,0.0,1.0,0.0,0.0,0.0,1.0,0.0,0.0
228.0,-30.0,1910.0,0.0,12.0,12.0,24.0,0.0,1.0,0.0,0.0,0.0,1.0,0.0,0.0
229.0,2.0,1910.0,0.0,12.0,12.0,24.0,0.0,1.0,0.0,0.0,0.0,1.0,0.0,0.0
230.0,-30.0,1925.0,0.0,12.0,12.0,24.0,0.0,1.0,0.0,0.0,0.0,1.0,0.0,0.0
231.0,2.0,1925.0,0.0,12.0,12.0,24.0,0.0,1.0,0.0,0.0,0.0,1.0,0.0,0.0
232.0,-30.0,1940.0,0.0,12.0,12.0,24.0,0.0,1.0,0.0,0.0,0.0,1.0,0.0,0.0
233.0,2.0,1940.0,0.0,12.0,12.0,24.0,0.0,1.0,0.0,0.0,0.0,1.0,0.0,0.0
234.0,-30.0,1955.0,0.0,12.0,12.0,24.0,0.0,1.0,0.0,0.0,0.0,1.0,0.0,0.0
235.0,2.0,1955.0,0.0,12.0,12.0,24.0,0.0,1.0,0.0,0.0,0.0,1.0,0.0,0.0
236.0,-30.0,1970.0,0.0,12.0,12.0,24.0,0.0,1.0,0.0,0.0,0.0,1.0,0.0,0.0
237.0,2.0,1970.0,0.0,12.0,12.0,24.0,0.0,1.0,0.0,0.0,0.0,1.0,0.0,0.0
238.0,-30.0,1985.0,0.0,12.0,12.0,24.0,0.0,1.0,0.0,0.0,0.0,1.0,0.0,0.0
239.0,2.0,1985.0,0.0,12.0,12.0,24.0,0.0,1.0,0.0,0.0,0.0,1.0,0.0,0.0
240.0,-30.0,2000.0,0.0,12.0,12.0,24.0,0.0,1.0,0.0,0.0,0.0,1.0,0.0,0.0
241.0,2.0,2000.0,0.0,12.0,12.0,24.0,0.0,1.0,0.0,0.0,0.0,1.0,0.0,0.0
242.0,-30.0,2015.0,0.0,12.0,12.0,24.0,0.0,1.0,0.0,0.0,0.0,1.0,0.0,0.0
243.0,2.0,2015.0,0.0,12.0,12.0,24.0,0.0,1.0,0.0,0.0,0.0,1.0,0.0,0.0
244.0,-30.0,2030.0,0.0,12.0,12.0,24.0,0.0,1.0,0.0,0.0,0.0,1.0,0.0,0.0
245.0,2.0,2030.0,0.0,12.0,12.0,24.0,0.0,1.0,0.0,0.0,0.0,1.0,0.0,0.0
246.0,-30.0,2045.0,0.0,12.0,12.0,24.0,0.0,1.0,0.0,0.0,0.0,1.0,0.0,0.0
247.0,2.0,2045.0,0.0,12.0,12.0,24.0,0.0,1.0,0.0,0.0,0.0,1.0,0.0,0.0
248.0,-30.0,2060.0,0.0,12.0,12.0,24.0,0.0,1.0,0.0,0.0,0.0,1.0,0.0,0.0
249.0,2.0,2060.0,0.0,12.0,12.0,24.0,0.0,1.0,0.0,0.0,0.0,1.0,0.0,0.0
250.0,-30.0,2075.0,0.0,12.0,12.0,24.0,0.0,1.0,0.0,0.0,0.0,1.0,0.0,0.0
251.0,2.0,2075.0,0.0,12.0,12.0,24.0,0.0,1.0,0.0,0.0,0.0,1.0,0.0,0.0
252.0,-30.0,2090.0,0.0,12.0,12.0,24.0,0.0,1.0,0.0,0.0,0.0,1.0,0.0,0.0
253.0,2.0,2090.0,0.0,12.0,12.0,24.0,0.0,1.0,0.0,0.0,0.0,1.0,0.0,0.0
254.0,-30.0,2105.0,0.0,12.0,12.0,24.0,0.0,1.0,0.0,0.0,0.0,1.0,0.0,0.0
255.0,2.0,2105.0,0.0,12.0,12.0,24.0,0.0,1.0,0.0,0.0,0.0,1.0,0.0,0.0
256.0,-30.0,2120.0,0.0,12.0,12.0,24.0,0.0,1.0,0.0,0.0,0.0,1.0,0.0,0.0
257.0,2.0,2120.0,0.0,12.0,12.0,24.0,0.0,1.0,0.0,0.0,0.0,1.0,0.0,0.0
258.0,-30.0,2135.0,0.0,12.0,12.0,24.0,0.0,1.0,0.0,0.0,0.0,1.0,0.0,0.0
259.0,2.0,2135.0,0.0,12.0,12.0,24.0,0.0,1.0,0.0,0.0,0.0,1.0,0.0,0.0
260.0,-30.0,2150.0,0.0,12.0,12.0,24.0,0.0,1.0,0.0,0.0,0.0,1.0,0.0,0.0
261.0,2.0,2150.0,0.0,12.0,12.0,24.0,0.0,1.0,0.0,0.0,0.0,1.0,0.0,0.0
262.0,-30.0,2165.0,0.0,12.0,12.0,24.0,0.0,1.0,0.0,0.0,0.0,1.0,0.0,0.0
263.0,2.0,2165.0,0.0,12.0,12.0,24.0,0.0,1.0,0.0,0.0,0.0,1.0,0.0,0.0
264.0,-30.0,2180.0,0.0,12.0,12.0,24.0,0.0,1.0,0.0,0.0,0.0,1.0,0.0,0.0
265.0,2.0,2180.0,0.0,12.0,12.0,24.0,0.0,1.0,0.0,0.0,0.0,1.0,0.0,0.0
266.0,-30.0,2195.0,0.0,12.0,12.0,24.0,0.0,1.0,0.0,0.0,0.0,1.0,0.0,0.0
267.0,2.0,2195.0,0.0,12.0,12.0,24.0,0.0,1.0,0.0,0.0,0.0,1.0,0.0,0.0
268.0,-30.0,2210.0,0.0,12.0,12.0,24.0,0.0,1.0,0.0,0.0,0.0,1.0,0.0,0.0
269.0,2.0,2210.0,0.0,12.0,12.0,24.0,0.0,1.0,0.0,0.0,0.0,1.0,0.0,0.0
270.0,-30.0,2225.0,0.0,12.0,12.0,24.0,0.0,1.0,0.0,0.0,0.0,1.0,0.0,0.0
271.0,2.0,2225.0,0.0,12.0,12.0,24.0,0.0,1.0,0.0,0.0,0.0,1.0,0.0,0.0
272.0,-30.0,2240.0,0.0,12.0,12.0,24.0,0.0,1.0,0.0,0.0,0.0,1.0,0.0,0.0
273.0,2.0,2240.0,0.0,12.0,12.0,24.0,0.0,1.0,0.0,0.0,0.0,1.0,0.0,0.0
274.0,-30.0,2255.0,0.0,12.0,12.0,24.0,0.0,1.0,0.0,0.0,0.0,1.0,0.0,0.0
275.0,2.0,2255.0,0.0,12.0,12.0,24.0,0.0,1.0,0.0,0.0,0.0,1.0,0.0,0.0
276.0,-30.0,2270.0,0.0,12.0,12.0,24.0,0.0,1.0,0.0,0.0,0.0,1.0,0.0,0.0
277.0,2.0,2270.0,0.0,12.0,12.0,24.0,0.0,1.0,0.0,0.0,0.0,1.0,0.0,0.0
278.0,-30.0,2285.0,0.0,12.0,12.0,24.0,0.0,1.0,0.0,0.0,0.0,1.0,0.0,0.0
279.0,2.0,2285.0,0.0,12.0,12.0,24.0,0.0,1.0,0.0,0.0,0.0,1.0,0.0,0.0
280.0,-30.0,2300.0,0.0,12.0,12.0,24.0,0.0,1.0,0.0,0.0,0.0,1.0,0.0,0.0
281.0,2.0,2300.0,0.0,12.0,12.0,24.0,0.0,1.0,0.0,0.0,0.0,1.0,0.0,0.0
282.0,-30.0,2315.0,0.0,12.0,12.0,24.0,0.0,1.0,0.0,0.0,0.0,1.0,0.0,0.0
283.0,2.0,2315.0,0.0,12.0,12.0,24.0,0.0,1.0,0.0,0.0,0.0,1.0,0.0,0.0
284.0,-30.0,2330.0,0.0,12.0,12.0,24.0,0.0,1.0,0.0,0.0,0.0,1.0,0.0,0.0
285.0,2.0,2330.0,0.0,12.0,12.0,24.0,0.0,1.0,0.0,0.0,0.0,1.0,0.0,0.0
286.0,-30.0,2345.0,0.0,12.0,12.0,24.0,0.0,1.0,0.0,0.0,0.0,1.0,0.0,0.0
287.0,2.0,2345.0,0.0,12.0,12.0,24.0,0.0,1.0,0.0,0.0,0.0,1.0,0.0,0.0
288.0,-30.0,2360.0,0.0,12.0,12.0,24.0,0.0,1.0,0.0,0.0,0.0,0.0,1.0,0.0
289.0,2.0,2360.0,0.0,12.0,12.0,24.0,0.0,1.0,0.0,0.0,0.0,0.0,1.0,0.0
290.0,-30.0,2375.0,0.0,12.0,12.0,24.0,0.0,1.0,0.0,0.0,0.0,0.0,1.0,0.0
291.0,2.0,2375.0,0.0,12.0,12.0,24.0,0.0,1.0,0.0,0.0,0.0,0.0,1.0,0.0
292.0,-30.0,2390.0,0.0,12.0,12.0,24.0,0.0,1.0,0.0,0.0,0.0,0.0,1.0,0.0
293.0,2.0,2390.0,0.0,12.0,12.0,24.0,0.0,1.0,0.0,0.0,0.0,0.0,1.0,0.0
294.0,-30.0,2405.0,0.0,12.0,12.0,24.0,0.0,1.0,0.0,0.0,0.0,0.0,1.0,0.0
295.0,2.0,2405.0,0.0,12.0,12.0,24.0,0.0,1.0,0.0,0.0,0.0,0.0,1.0,0.0
296.0,-30.0,2420.0,0.0,12.0,12.0,24.0,0.0,1.0,0.0,0.0,0.0,0.0,1.0,0.0
297.0,2.0,2420.0,0.0,12.0,12.0,24.0,0.0,1.0,0.0,0.0,0.0,0.0,1.0,0.0
298.0,-30.0,2435.0,0.0,12.0,12.0,24.0,0.0,1.0,0.0,0.0,0.0,0.0,1.0,0.0
299.0,2.0,2435.0,0.0,12.0,12.0,24.0,0.0,1.0,0.0,0.0,0.0,0.0,1.0,0.0
300.0,-30.0,2450.0,0.0,12.0,12.0,24.0,0.0,1.0,0.0,0.0,0.0,0.0,1.0,0.0
301.0,2.0,2450.0,0.0,12.0,12.0,24.0,0.0,1.0,0.0,0.0,0.0,0.0,1.0,0.0
302.0,-30.0,2465.0,0.0,12.0,12.0,24.0,0.0,1.0,0.0,0.0,0.0,0.0,1.0,0.0
303.0,2.0,2465.0,0.0,12.0,12.0,24.0,0.0,1.0,0.0,0.0,0.0,0.0,1.0,0.0
304.0,-30.0,2480.0,0.0,12.0,12.0,24.0,0.0,1.0,0.0,0.0,0.0,0.0,1.0,0.0
305.0,2.0,2480.0,0.0,12.0,12.0,24.0,0.0,1.0,0.0,0.0,0.0,0.0,1.0,0.0
306.0,-30.0,2495.0,0.0,12.0,12.0,24.0,0.0,1.0,0.0,0.0,0.0,0.0,1.0,0.0
307.0,2.0,2495.0,0.0,12.0,12.0,24.0,0.0,1.0,0.0,0.0,0.0,0.0,1.0,0.0
308.0,-30.0,2510.0,0.0,12.0,12.0,24.0,0.0,1.0,0.0,0.0,0.0,0.0,1.0,0.0
309.0,2.0,2510.0,0.0,12.0,12.0,24.0,0.0,1.0,0.0,0.0,0.0,0.0,1.0,0.0
310.0,-30.0,2525.0,0.0,12.0,12.0,24.0,0.0,1.0,0.0,0.0,0.0,0.0,1.0,0.0
311.0,2.0,2525.0,0.0,12.0,12.0,24.0,0.0,1.0,0.0,0.0,0.0,0.0,1.0,0.0
312.0,-30.0,2540.0,0.0,12.0,12.0,24.0,0.0,1.0,0.0,0.0,0.0,0.0,1.0,0.0
313.0,2.0,2540.0,0.0,12.0,12.0,24.0,0.0,1.0,0.0,0.0,0.0,0.0,1.0,0.0
314.0,-30.0,2555.0,0.0,12.0,12.0,24.0,0.0,1.0,0.0,0.0,0.0,0.0,1.0,0.0
315.0,2.0,2555.0,0.0,12.0,12.0,24.0,0.0,1.0,0.0,0.0,0.0,0.0,1.0,0.0
316.0,-30.0,2570.0,0.0,12.0,12.0,24.0,0.0,1.0,0.0,0.0,0.0,0.0,1.0,0.0
317.0,2.0,2570.0,0.0,12.0,12.0,24.0,0.0,1.0,0.0,0.0,0.0,0.0,1.0,0.0
318.0,-30.0,2585.0,0.0,12.0,12.0,24.0,0.0,1.0,0.0,0.0,0.0,0.0,1.0,0.0
319.0,2.0,2585.0,0.0,12.0,12.0,24.0,0.0,1.0,0.0,0.0,0.0,0.0,1.0,0.0
320.0,-30.0,2600.0,0.0,12.0,12.0,24.0,0.0,1.0,0.0,0.0,0.0,0.0,1.0,0.0
321.0,2.0,2600.0,0.0,12.0,12.0,24.0,0.0,1.0,0.0,0.0,0.0,0.0,1.0,0.0
322.0,-30.0,2615.0,0.0,12.0,12.0,24.0,0.0,1.0,0.0,0.0,0.0,0.0,1.0,0.0
323.0,2.0,2615.0,0.0,12.0,12.0,24.0,0.0,1.0,0.0,0.0,0.0,0.0,1.0,0.0
324.0,-30.0,2630.0,0.0,12.0,12.0,24.0,0.0,1.0,0.0,0.0,0.0,0.0,1.0,0.0
325.0,2.0,2630.0,0.0,12.0,12.0,24.0,0.0,1.0,0.0,0.0,0.0,0.0,1.0,0.0
326.0,-30.0,2645.0,0.0,12.0,12.0,24.0,0.0,1.0,0.0,0.0,0.0,0.0,1.0,0.0
327.0,2.0,2645.0,0.0,12.0,12.0,24.0,0.0,1.0,0.0,0.0,0.0,0.0,1.0,0.0
328.0,-30.0,2660.0,0.0,12.0,12.0,24.0,0.0,1.0,0.0,0.0,0.0,0.0,1.0,0.0
329.0,2.0,2660.0,0.0,12.0,12.0,24.0,0.0,1.0,0.0,0.0,0.0,0.0,1.0,0.0
330.0,-30.0,2675.0,0.0,12.0,12.0,24.0,0.0,1.0,0.0,0.0,0.0,0.0,1.0,0.0
331.0,2.0,2675.0,0.0,12.0,12.0,24.0,0.0,1.0,0.0,0.0,0.0,0.0,1.0,0.0
332.0,-30.0,2690.0,0.0,12.0,12.0,24.0,0.0,1.0,0.0,0.0,0.0,0.0,1.0,0.0
333.0,2.0,2690.0,0.0,12.0,12.0,24.0,0.0,1.0,0.0,0.0,0.0,0.0,1.0,0.0
334.0,-30.0,2705.0,0.0,12.0,12.0,24.0,0.0,1.0,0.0,0.0,0.0,0.0,1.0,0.0
335.0,2.0,2705.0,0.0,12.0,12.0,24.0,0.0,1.0,0.0,0.0,0.0,0.0,1.0,0.0
336.0,-30.0,2720.0,0.0,12.0,12.0,24.0,0.0,1.0,0.0,0.0,0.0,0.0,1.0,0.0
337.0,2.0,2720.0,0.0,12.0,12.0,24.0,0.0,1.0,0.0,0.0,0.0,0.0,1.0,0.0
338.0,-30.0,2735.0,0.0,12.0,12.0,24.0,0.0,1.0,0.0,0.0,0.0,0.0,1.0,0.0
339.0,2.0,2735.0,0.0,12.0,12.0,24.0,0.0,1.0,0.0,0.0,0.0,0.0,1.0,0.0
340.0,-30.0,2750.0,0.0,12.0,12.0,24.0,0.0,1.0,0.0,0.0,0.0,0.0,1.0,0.0
341.0,2.0,2750.0,0.0,12.0,12.0,24.0,0.0,1.0,0.0,0.0,0.0,0.0,1.0,0.0
342.0,-30.0,2765.0,0.0,12.0,12.0,24.0,0.0,1.0,0.0,0.0,0.0,0.0,1.0,0.0
343.0,2.0,2765.0,0.0,12.0,12.0,24.0,0.0,1.0,0.0,0.0,0.0,0.0,1.0,0.0
344.0,-30.0,2780.0,0.0,12.0,12.0,24.0,0.0,1.0,0.0,0.0,0.0,0.0,1.0,0.0
345.0,2.0,2780.0,0.0,12.0,12.0,24.0,0.0,1.0,0.0,0.0,0.0,0.0,1.0,0.0
346.0,-30.0,2795.0,0.0,12.0,12.0,24.0,0.0,1.0,0.0,0.0,0.0,0.0,1.0,0.0
347.0,2.0,2795.0,0.0,12.0,12.0,24.0,0.0,1.0,0.0,0.0,0.0,0.0,1.0,0.0
348.0,-30.0,2810.0,0.0,12.0,12.0,24.0,0.0,1.0,0.0,0.0,0.0,0.0,1.0,0.0
349.0,2.0,2810.0,0.0,12.0,12.0,24.0,0.0,1.0,0.0,0.0,0.0,0.0,1.0,0.0
350.0,-30.0,2825.0,0.0,12.0,12.0,24.0,0.0,1.0,0.0,0.0,0.0,0.0,1.0,0.0
351.0,2.0,2825.0,0.0,12.0,12.0,24.0,0.0,1.0,0.0,0.0,0.0,0.0,1.0,0.0
352.0,-30.0,2840.0,0.0,12.0,12.0,24.0,0.0,1.0,0.0,0.0,0.0,0.0,1.0,0.0
353.0,2.0,2840.0,0.0,12.0,12.0,24.0,0.0,1.0,0.0,0.0,0.0,0.0,1.0,0.0
354.0,-30.0,2855.0,0.0,12.0,12.0,24.0,0.0,1.0,0.0,0.0,0.0,0.0,1.0,0.0
355.0,2.0,2855.0,0.0,12.0,12.0,24.0,0.0,1.0,0.0,0.0,0.0,0.0,1.0,0.0
356.0,-30.0,2870.0,0.0,12.0,12.0,24.0,0.0,1.0,0.0,0.0,0.0,0.0,1.0,0.0
357.0,2.0,2870.0,0.0,12.0,12.0,24.0,0.0,1.0,0.0,0.0,0.0,0.0,1.0,0.0
358.0,-30.0,2885.0,0.0,12.0,12.0,24.0,0.0,1.0,0.0,0.0,0.0,0.0,1.0,0.0
359.0,2.0,2885.0,0.0,12.0,12.0,24.0,0.0,1.0,0.0,0.0,0.0,0.0,1.0,0.0
360.0,-30.0,2900.0,0.0,12.0,12.0,24.0,0.0,1.0,0.0,0.0,0.0,0.0,1.0,0.0
361.0,2.0,2900.0,0.0,12.0,12.0,24.0,0.0,1.0,0.0,0.0,0.0,0.0,1.0,0.0
362.0,-30.0,2915.0,0.0,12.0,12.0,24.0,0.0,1.0,0.0,0.0,0.0,0.0,1.0,0.0
363.0,2.0,2915.0,0.0,12.0,12.0,24.0,0.0,1.0,0.0,0.0,0.0,0.0,1.0,0.0
364.0,-30.0,2930.0,0.0,12.0,12.0,24.0,0.0,1.0,0.0,0.0,0.0,0.0,1.0,0.0
365.0,2.0,2930.0,0.0,12.0,12.0,24.0,0.0,1.0,0.0,0.0,0.0,0.0,1.0,0.0
366.0,-30.0,2945.0,0.0,12.0,12.0,24.0,0.0,1.0,0.0,0.0,0.0,0.0,1.0,0.0
367.0,2.0,2945.0,0.0,12.0,12.0,24.0,0.0,1.0,0.0,0.0,0.0,0.0,1.0,0.0
368.0,-30.0,2960.0,0.0,12.0,12.0,24.0,0.0,1.0,0.0,0.0,0.0,0.0,1.0,0.0
369.0,2.0,2960.0,0.0,12.0,12.0,24.0,0.0,1.0,0.0,0.0,0.0,0.0,1.0,0.0
370.0,-30.0,2975.0,0.0,12.0,12.0,24.0,0.0,1.0,0.0,0.0,0.0,0.0,1.0,0.0
371.0,2.0,2975.0,0.0,12.0,12.0,24.0,0.0,1.0,0.0,0.0,0.0,0.0,1.0,0.0
372.0,-30.0,2990.0,0.0,12.0,12.0,24.0,0.0,1.0,0.0,0.0,0.0,0.0,1.0,0.0
373.0,2.0,2990.0,0.0,12.0,12.0,24.0,0.0,1.0,0.0,0.0,0.0,0.0,1.0,0.0
374.0,-30.0,3005.0,0.0,12.0,12.0,24.0,0.0,1.0,0.0,0.0,0.0,0.0,1.0,0.0
375.0,2.0,3005.0,0.0,12.0,12.0,24.0,0.0,1.0,0.0,0.0,0.0,0.0,1.0,0.0
376.0,-30.0,3020.0,0.0,12.0,12.0,24.0,0.0,1.0,0.0,0.0,0.0,0.0,1.0,0.0
377.0,2.0,3020.0,0.0,12.0,12.0,24.0,0.0,1.0,0.0,0.0,0.0,0.0,1.0,0.0
378.0,-30.0,3035.0,0.0,12.0,12.0,24.0,0.0,1.0,0.0,0.0,0.0,0.0,1.0,0.0
379.0,2.0,3035.0,0.0,12.0,12.0,24.0,0.0,1.0,0.0,0.0,0.0,0.0,1.0,0.0
380.0,-30.0,3050.0,0.0,12.0,12.0,24.0,0.0,1.0,0.0,0.0,0.0,0.0,1.0,0.0
381.0,2.0,3050.0,0.0,12.0,12.0,24.0,0.0,1.0,0.0,0.0,0.0,0.0,1.0,0.0
382.0,-30.0,3065.0,0.0,12.0,12.0,24.0,0.0,1.0,0.0,0.0,0.0,0.0,1.0,0.0
383.0,2.0,3065.0,0.0,12.0,12.0,24.0,0.0,1.0,0.0,0.0,0.0,0.0,1.0,0.0
384.0,-30.0,3080.0,0.0,12.0,12.0,24.0,0.0,1.0,0.0,0.0,0.0,0.0,0.0,1.0
385.0,2.0,3080.0,0.0,12.0,12.0,24.0,0.0,1.0,0.0,0.0,0.0,0.0,0.0,1.0
386.0,-30.0,3095.0,0.0,12.0,12.0,24.0,0.0,1.0,0.0,0.0,0.0,0.0,0.0,1.0
387.0,2.0,3095.0,0.0,12.0,12.0,24.0,0.0,1.0,0.0,0.0,0.0,0.0,0.0,1.0
388.0,-30.0,3110.0,0.0,12.0,12.0,24.0,0.0,1.0,0.0,0.0,0.0,0.0,0.0,1.0
389.0,2.0,3110.0,0.0,12.0,12.0,24.0,0.0,1.0,0.0,0.0,0.0,0.0,0.0,1.0
390.0,-30.0,3125.0,0.0,12.0,12.0,24.0,0.0,1.0,0.0,0.0,0.0,0.0,0.0,1.0
391.0,2.0,3125.0,0.0,12.0,12.0,24.0,0.0,1.0,0.0,0.0,0.0,0.0,0.0,1.0
392.0,-30.0,3140.0,0.0,12.0,12.0,24.0,0.0,1.0,0.0,0.0,0.0,0.0,0.0,1.0
393.0,2.0,3140.0,0.0,12.0,12.0,24.0,0.0,1.0,0.0,0.0,0.0,0.0,0.0,1.0
394.0,-30.0,3155.0,0.0,12.0,12.0,24.0,0.0,1.0,0.0,0.0,0.0,0.0,0.0,1.0
395.0,2.0,3155.0,0.0,12.0,12.0,24.0,0.0,1.0,0.0,0.0,0.0,0.0,0.0,1.0
396.0,-30.0,3170.0,0.0,12.0,12.0,24.0,0.0,1.0,0.0,0.0,0.0,0.0,0.0,1.0
397.0,2.0,3170.0,0.0,12.0,12.0,24.0,0.0,1.0,0.0,0.0,0.0,0.0,0.0,1.0
398.0,-30.0,3185.0,0.0,12.0,12.0,24.0,0.0,1.0,0.0,0.0,0.0,0.0,0.0,1.0
399.0,2.0,3185.0,0.0,12.0,12.0,24.0,0.0,1.0,0.0,0.0,0.0,0.0,0.0,1.0
400.0,-30.0,3200.0,0.0,12.0,12.0,24.0,0.0,1.0,0.0,0.0,0.0,0.0,0.0,1.0
401.0,2.0,3200.0,0.0,12.0,12.0,24.0,0.0,1.0,0.0,0.0,0.0,0.0,0.0,1.0
402.0,-30.0,3215.0,0.0,12.0,12.0,24.0,0.0,1.0,0.0,0.0,0.0,0.0,0.0,1.0
403.0,2.0,3215.0,0.0,12.0,12.0,24.0,0.0,1.0,0.0,0.0,0.0,0.0,0.0,1.0
404.0,-30.0,3230.0,0.0,12.0,12.0,24.0,0.0,1.0,0.0,0.0,0.0,0.0,0.0,1.0
405.0,2.0,3230.0,0.0,12.0,12.0,24.0,0.0,1.0,0.0,0.0,0.0,0.0,0.0,1.0
406.0,-30.0,3245.0,0.0,12.0,12.0,24.0,0.0,1.0,0.0,0.0,0.0,0.0,0.0,1.0
407.0,2.0,3245.0,0.0,12.0,12.0,24.0,0.0,1.0,0.0,0.0,0.0,0.0,0.0,1.0
408.0,-30.0,3260.0,0.0,12.0,12.0,24.0,0.0,1.0,0.0,0.0,0.0,0.0,0.0,1.0
409.0,2.0,3260.0,0.0,12.0,12.0,24.0,0.0,1.0,0.0,0.0,0.0,0.0,0.0,1.0
410.0,-30.0,3275.0,0.0,12.0,12.0,24.0,0.0,1.0,0.0,0.0,0.0,0.0,0.0,1.0
411.0,2.0,3275.0,0.0,12.0,12.0,24.0,0.0,1.0,0.0,0.0,0.0,0.0,0.0,1.0
412.0,-30.0,3290.0,0.0,12.0,12.0,24.0,0.0,1.0,0.0,0.0,0.0,0.0,0.0,1.0
413.0,2.0,3290.0,0.0,12.0,12.0,24.0,0.0,1.0,0.0,0.0,0.0,0.0,0.0,1.0
414.0,-30.0,3305.0,0.0,12.0,12.0,24.0,0.0,1.0,0.0,0.0,0.0,0.0,0.0,1.0
415.0,2.0,3305.0,0.0,12.0,12.0,24.0,0.0,1.0,0.0,0.0,0.0,0.0,0.0,1.0
416.0,-30.0,3320.0,0.0,12.0,12.0,24.0,0.0,1.0,0.0,0.0,0.0,0.0,0.0,1.0
417.0,2.0,3320.0,0.0,12.0,12.0,24.0,0.0,1.0,0.0,0.0,0.0,0.0,0.0,1.0
418.0,-30.0,3335.0,0.0,12.0,12.0,24.0,0.0,1.0,0.0,0.0,0.0,0.0,0.0,1.0
419.0,2.0,3335.0,0.0,12.0,12.0,24.0,0.0,1.0,0.0,0.0,0.0,0.0,0.0,1.0
420.0,-30.0,3350.0,0.0,12.0,12.0,24.0,0.0,1.0,0.0,0.0,0.0,0.0,0.0,1.0
421.0,2.0,3350.0,0.0,12.0,12.0,24.0,0.0,1.0,0.0,0.0,0.0,0.0,0.0,1.0
422.0,-30.0,3365.0,0.0,12.0,12.0,24.0,0.0,1.0,0.0,0.0,0.0,0.0,0.0,1.0
423.0,2.0,3365.0,0.0,12.0,12.0,24.0,0.0,1.0,0.0,0.0,0.0,0.0,0.0,1.0
424.0,-30.0,3380.0,0.0,12.0,12.0,24.0,0.0,1.0,0.0,0.0,0.0,0.0,0.0,1.0
425.0,2.0,3380.0,0.0,12.0,12.0,24.0,0.0,1.0,0.0,0.0,0.0,0.0,0.0,1.0
426.0,-30.0,3395.0,0.0,12.0,12.0,24.0,0.0,1.0,0.0,0.0,0.0,0.0,0.0,1.0
427.0,2.0,3395.0,0.0,12.0,12.0,24.0,0.0,1.0,0.0,0.0,0.0,0.0,0.0,1.0
428.0,-30.0,3410.0,0.0,12.0,12.0,24.0,0.0,1.0,0.0,0.0,0.0,0.0,0.0,1.0
429.0,2.0,3410.0,0.0,12.0,12.0,24.0,0.0,1.0,0.0,0.0,0.0,0.0,0.0,1.0
430.0,-30.0,3425.0,0.0,12.0,12.0,24.0,0.0,1.0,0.0,0.0,0.0,0.0,0.0,1.0
431.0,2.0,3425.0,0.0,12.0,12.0,24.0,0.0,1.0,0.0,0.0,0.0,0.0,0.0,1.0
432.0,-30.0,3440.0,0.0,12.0,12.0,24.0,0.0,1.0,0.0,0.0,0.0,0.0,0.0,1.0
433.0,2.0,3440.0,0.0,12.0,12.0,24.0,0.0,1.0,0.0,0.0,0.0,0.0,0.0,1.0
434.0,-30.0,3455.0,0.0,12.0,12.0,24.0,0.0,1.0,0.0,0.0,0.0,0.0,0.0,1.0
435.0,2.0,3455.0,0.0,12.0,12.0,24.0,0.0,1.0,0.0,0.0,0.0,0.0,0.0,1.0
436.0,-30.0,3470.0,0.0,12.0,12.0,24.0,0.0,1.0,0.0,0.0,0.0,0.0,0.0,1.0
437.0,2.0,3470.0,0.0,12.0,12.0,24.0,0.0,1.0,0.0,0.0,0.0,0.0,0.0,1.0
438.0,-30.0,3485.0,0.0,12.0,12.0,24.0,0.0,1.0,0.0,0.0,0.0,0.0,0.0,1.0
439.0,2.0,3485.0,0.0,12.0,12.0,24.0,0.0,1.0,0.0,0.0,0.0,0.0,0.0,1.0
440.0,-30.0,3500.0,0.0,12.0,12.0,24.0,0.0,1.0,0.0,0.0,0.0,0.0,0.0,1.0
441.0,2.0,3500.0,0.0,12.0,12.0,24.0,0.0,1.0,0.0,0.0,0.0,0.0,0.0,1.0
442.0,-30.0,3515.0,0.0,12.0,12.0,24.0,0.0,1.0,0.0,0.0,0.0,0.0,0.0,1.0
443.0,2.0,3515.0,0.0,12.0,12.0,24.0,0.0,1.0,0.0,0.0,0.0,0.0,0.0,1.0
444.0,-30.0,3530.0,0.0,12.0,12.0,24.0,0.0,1.0,0.0,0.0,0.0,0.0,0.0,1.0
445.0,2.0,3530.0,0.0,12.0,12.0,24.0,0.0,1.0,0.0,0.0,0.0,0.0,0.0,1.0
446.0,-30.0,3545.0,0.0,12.0,12.0,24.0,0.0,1.0,0.0,0.0,0.0,0.0,0.0,1.0
447.0,2.0,3545.0,0.0,12.0,12.0,24.0,0.0,1.0,0.0,0.0,0.0,0.0,0.0,1.0
448.0,-30.0,3560.0,0.0,12.0,12.0,24.0,0.0,1.0,0.0,0.0,0.0,0.0,0.0,1.0
449.0,2.0,3560.0,0.0,12.0,12.0,24.0,0.0,1.0,0.0,0.0,0.0,0.0,0.0,1.0
450.0,-30.0,3575.0,0.0,12.0,12.0,24.0,0.0,1.0,0.0,0.0,0.0,0.0,0.0,1.0
451.0,2.0,3575.0,0.0,12.0,12.0,24.0,0.0,1.0,0.0,0.0,0.0,0.0,0.0,1.0
452.0,-30.0,3590.0,0.0,12.0,12.0,24.0,0.0,1.0,0.0,0.0,0.0,0.0,0.0,1.0
453.0,2.0,3590.0,0.0,12.0,12.0,24.0,0.0,1.0,0.0,0.0,0.0,0.0,0.0,1.0
454.0,-30.0,3605.0,0.0,12.0,12.0,24.0,0.0,1.0,0.0,0.0,0.0,0.0,0.0,1.0
455.0,2.0,3605.0,0.0,12.0,12.0,24.0,0.0,1.0,0.0,0.0,0.0,0.0,0.0,1.0
456.0,-30.0,3620.0,0.0,12.0,12.0,24.0,0.0,1.0,0.0,0.0,0.0,0.0,0.0,1.0
457.0,2.0,3620.0,0.0,12.0,12.0,24.0,0.0,1.0,0.0,0.0,0.0,0.0,0.0,1.0
458.0,-30.0,3635.0,0.0,12.0,12.0,24.0,0.0,1.0,0.0,0.0,0.0,0.0,0.0,1.0
459.0,2.0,3635.0,0.0,12.0,12.0,24.0,0.0,1.0,0.0,0.0,0.0,0.0,0.0,1.0
460.0,-30.0,3650.0,0.0,12.0,12.0,24.0,0.0,1.0,0.0,0.0,0.0,0.0,0.0,1.0
461.0,2.0,3650.0,0.0,12.0,12.0,24.0,0.0,1.0,0.0,0.0,0.0,0.0,0.0,1.0
462.0,-30.0,3665.0,0.0,12.0,12.0,24.0,0.0,1.0,0.0,0.0,0.0,0.0,0.0,1.0
463.0,2.0,3665.0,0.0,12.0,12.0,24.0,0.0,1.0,0.0,0.0,0.0,0.0,0.0,1.0
464.0,-30.0,3680.0,0.0,12.0,12.0,24.0,0.0,1.0,0.0,0.0,0.0,0.0,0.0,1.0
465.0,2.0,3680.0,0.0,12.0,12.0,24.0,0.0,1.0,0.0,0.0,0.0,0.0,0.0,1.0
466.0,-30.0,3695.0,0.0,12.0,12.0,24.0,0.0,1.0,0.0,0.0,0.0,0.0,0.0,1.0
467.0,2.0,3695.0,0.0,12.0,12.0,24.0,0.0,1.0,0.0,0.0,0.0,0.0,0.0,1.0
468.0,-30.0,3710.0,0.0,12.0,12.0,24.0,0.0,1.0,0.0,0.0,0.0,0.0,0.0,1.0
469.0,2.0,3710.0,0.0,12.0,12.0,24.0,0.0,1.0,0.0,0.0,0.0,0.0,0.0,1.0
470.0,-30.0,3725.0,0.0,12.0,12.0,24.0,0.0,1.0,0.0,0.0,0.0,0.0,0.0,1.0
471.0,2.0,3725.0,0.0,12.0,12.0,24.0,0.0,1.0,0.0,0.0,0.0,0.0,0.0,1.0
472.0,-30.0,3740.0,0.0,12.0,12.0,24.0,0.0,1.0,0.0,0.0,0.0,0.0,0.0,1.0
473.0,2.0,3740.0,0.0,12.0,12.0,24.0,0.0,1.0,0.0,0.0,0.0,0.0,0.0,1.0
474.0,-30.0,3755.0,0.0,12.0,12.0,24.0,0.0,1.0,0.0,0.0,0.0,0.0,0.0,1.0
475.0,2.0,3755.0,0.0,12.0,12.0,24.0,0.0,1.0,0.0,0.0,0.0,0.0,0.0,1.0
476.0,-30.0,3770.0,0.0,12.0,12.0,24.0,0.0,1.0,0.0,0.0,0.0,0.0,0.0,1.0
477.0,2.0,3770.0,0.0,12.0,12.0,24.0,0.0,1.0,0.0,0.0,0.0,0.0,0.0,1.0
478.0,-30.0,3785.0,0.0,12.0,12.0,24.0,0.0,1.0,0.0,0.0,0.0,0.0,0.0,1.0
479.0,2.0,3785.0,0.0,12.0,12.0,24.0,0.0,1.0,0.0,0.0,0.0,0.0,0.0,1.0
480.0,-30.0,3800.0,0.0,12.0,12.0,24.0,0.0,1.0,0.0,0.0,0.0,0.0,0.0,0.0
481.0,2.0,3800.0,0.0,12.0,12.0,24.0,0.0,1.0,0.0,0.0,0.0,0.0,0.0,0.0
482.0,-30.0,3815.0,0.0,12.0,12.0,24.0,0.0,1.0,0.0,0.0,0.0,0.0,0.0,0.0
483.0,2.0,3815.0,0.0,12.0,12.0,24.0,0.0,1.0,0.0,0.0,0.0,0.0,0.0,0.0
484.0,-30.0,3830.0,0.0,12.0,12.0,24.0,0.0,1.0,0.0,0.0,0.0,0.0,0.0,0.0
485.0,2.0,3830.0,0.0,12.0,12.0,24.0,0.0,1.0,0.0,0.0,0.0,0.0,0.0,0.0
486.0,-30.0,3845.0,0.0,12.0,12.0,24.0,0.0,1.0,0.0,0.0,0.0,0.0,0.0,0.0
487.0,2.0,3845.0,0.0,12.0,12.0,24.0,0.0,1.0,0.0,0.0,0.0,0.0,0.0,0.0
488.0,-30.0,3860.0,0.0,12.0,12.0,24.0,0.0,1.0,0.0,0.0,0.0,0.0,0.0,0.0
489.0,2.0,3860.0,0.0,12.0,12.0,24.0,0.0,1.0,0.0,0.0,0.0,0.0,0.0,0.0
490.0,-30.0,3875.0,0.0,12.0,12.0,24.0,0.0,1.0,0.0,0.0,0.0,0.0,0.0,0.0
491.0,2.0,3875.0,0.0,12.0,12.0,24.0,0.0,1.0,0.0,0.0,0.0,0.0,0.0,0.0
492.0,-30.0,3890.0,0.0,12.0,12.0,24.0,0.0,1.0,0.0,0.0,0.0,0.0,0.0,0.0
493.0,2.0,3890.0,0.0,12.0,12.0,24.0,0.0,1.0,0.0,0.0,0.0,0.0,0.0,0.0
494.0,-30.0,3905.0,0.0,12.0,12.0,24.0,0.0,1.0,0.0,0.0,0.0,0.0,0.0,0.0
495.0,2.0,3905.0,0.0,12.0,12.0,24.0,0.0,1.0,0.0,0.0,0.0,0.0,0.0,0.0
496.0,-30.0,3920.0,0.0,12.0,12.0,24.0,0.0,1.0,0.0,0.0,0.0,0.0,0.0,0.0
497.0,2.0,3920.0,0.0,12.0,12.0,24.0,0.0,1.0,0.0,0.0,0.0,0.0,0.0,0.0
498.0,-30.0,3935.0,0.0,12.0,12.0,24.0,0.0,1.0,0.0,0.0,0.0,0.0,0.0,0.0
499.0,2.0,3935.0,0.0,12.0,12.0,24.0,0.0,1.0,0.0,0.0,0.0,0.0,0.0,0.0
500.0,-30.0,3950.0,0.0,12.0,12.0,24.0,0.0,1.0,0.0,0.0,0.0,0.0,0.0,0.0
501.0,2.0,3950.0,0.0,12.0,12.0,24.0,0.0,1.0,0.0,0.0,0.0,0.0,0.0,0.0
502.0,-30.0,3965.0,0.0,12.0,12.0,24.0,0.0,1.0,0.0,0.0,0.0,0.0,0.0,0.0
503.0,2.0,3965.0,0.0,12.0,12.0,24.0,0.0,1.0,0.0,0.0,0.0,0.0,0.0,0.0
504.0,-30.0,3980.0,0.0,12.0,12.0,24.0,0.0,1.0,0.0,0.0,0.0,0.0,0.0,0.0
505.0,2.0,3980.0,0.0,12.0,12.0,24.0,0.0,1.0,0.0,0.0,0.0,0.0,0.0,0.0
506.0,-30.0,3995.0,0.0,12.0,12.0,24.0,0.0,1.0,0.0,0.0,0.0,0.0,0.0,0.0
507.0,2.0,3995.0,0.0,12.0,12.0,24.0,0.0,1.0,0.0,0.0,0.0,0.0,0.0,0.0
508.0,-30.0,4010.0,0.0,12.0,12.0,24.0,0.0,1.0,0.0,0.0,0.0,0.0,0.0,0.0
509.0,2.0,4010.0,0.0,12.0,12.0,24.0,0.0,1.0,0.0,0.0,0.0,0.0,0.0,0.0
510.0,-30.0,4025.0,0.0,12.0,12.0,24.0,0.0,1.0,0.0,0.0,0.0,0.0,0.0,0.0
511.0,2.0,4025.0,0.0,12.0,12.0,24.0,0.0,1.0,0.0,0.0,0.0,0.0,0.0,0.0
512.0,-30.0,4040.0,0.0,12.0,12.0,24.0,0.0,1.0,0.0,0.0,0.0,0.0,0.0,0.0
513.0,2.0,4040.0,0.0,12.0,12.0,24.0,0.0,1.0,0.0,0.0,0.0,0.0,0.0,0.0
514.0,-30.0,4055.0,0.0,12.0,12.0,24.0,0.0,1.0,0.0,0.0,0.0,0.0,0.0,0.0
515.0,2.0,4055.0,0.0,12.0,12.0,24.0,0.0,1.0,0.0,0.0,0.0,0.0,0.0,0.0
516.0,-30.0,4070.0,0.0,12.0,12.0,24.0,0.0,1.0,0.0,0.0,0.0,0.0,0.0,0.0
517.0,2.0,4070.0,0.0,12.0,12.0,24.0,0.0,1.0,0.0,0.0,0.0,0.0,0.0,0.0
518.0,-30.0,4085.0,0.0,12.0,12.0,24.0,0.0,1.0,0.0,0.0,0.0,0.0,0.0,0.0
519.0,2.0,4085.0,0.0,12.0,12.0,24.0,0.0,1.0,0.0,0.0,0.0,0.0,0.0,0.0
520.0,-30.0,4100.0,0.0,12.0,12.0,24.0,0.0,1.0,0.0,0.0,0.0,0.0,0.0,0.0
521.0,2.0,4100.0,0.0,12.0,12.0,24.0,0.0,1.0,0.0,0.0,0.0,0.0,0.0,0.0
522.0,-30.0,4115.0,0.0,12.0,12.0,24.0,0.0,1.0,0.0,0.0,0.0,0.0,0.0,0.0
523.0,2.0,4115.0,0.0,12.0,12.0,24.0,0.0,1.0,0.0,0.0,0.0,0.0,0.0,0.0
524.0,-30.0,4130.0,0.0,12.0,12.0,24.0,0.0,1.0,0.0,0.0,0.0,0.0,0.0,0.0
525.0,2.0,4130.0,0.0,12.0,12.0,24.0,0.0,1.0,0.0,0.0,0.0,0.0,0.0,0.0
526.0,-30.0,4145.0,0.0,12.0,12.0,24.0,0.0,1.0,0.0,0.0,0.0,0.0,0.0,0.0
527.0,2.0,4145.0,0.0,12.0,12.0,24.0,0.0,1.0,0.0,0.0,0.0,0.0,0.0,0.0
528.0,-30.0,4160.0,0.0,12.0,12.0,24.0,0.0,1.0,0.0,0.0,0.0,0.0,0.0,0.0
529.0,2.0,4160.0,0.0,12.0,12.0,24.0,0.0,1.0,0.0,0.0,0.0,0.0,0.0,0.0
530.0,-30.0,4175.0,0.0,12.0,12.0,24.0,0.0,1.0,0.0,0.0,0.0,0.0,0.0,0.0
531.0,2.0,4175.0,0.0,12.0,12.0,24.0,0.0,1.0,0.0,0.0,0.0,0.0,0.0,0.0
532.0,-30.0,4190.0,0.0,12.0,12.0,24.0,0.0,1.0,0.0,0.0,0.0,0.0,0.0,0.0
533.0,2.0,4190.0,0.0,12.0,12.0,24.0,0.0,1.0,0.0,0.0,0.0,0.0,0.0,0.0
534.0,-30.0,4205.0,0.0,12.0,12.0,24.0,0.0,1.0,0.0,0.0,0.0,0.0,0.0,0.0
535.0,2.0,4205.0,0.0,12.0,12.0,24.0,0.0,1.0,0.0,0.0,0.0,0.0,0.0,0.0
536.0,-30.0,4220.0,0.0,12.0,12.0,24.0,0.0,1.0,0.0,0.0,0.0,0.0,0.0,0.0
537.0,2.0,4220.0,0.0,12.0,12.0,24.0,0.0,1.0,0.0,0.0,0.0,0.0,0.0,0.0
538.0,-30.0,4235.0,0.0,12.0,12.0,24.0,0.0,1.0,0.0,0.0,0.0,0.0,0.0,0.0
539.0,2.0,4235.0,0.0,12.0,12.0,24.0,0.0,1.0,0.0,0.0,0.0,0.0,0.0,0.0
540.0,-30.0,4250.0,0.0,12.0,12.0,24.0,0.0,1.0,0.0,0.0,0.0,0.0,0.0,0.0
541.0,2.0,4250.0,0.0,12.0,12.0,24.0,0.0,1.0,0.0,0.0,0.0,0.0,0.0,0.0
542.0,-30.0,4265.0,0.0,12.0,12.0,24.0,0.0,1.0,0.0,0.0,0.0,0.0,0.0,0.0
543.0,2.0,4265.0,0.0,12.0,12.0,24.0,0.0,1.0,0.0,0.0,0.0,0.0,0.0,0.0
544.0,-30.0,4280.0,0.0,12.0,12.0,24.0,0.0,1.0,0.0,0.0,0.0,0.0,0.0,0.0
545.0,2.0,4280.0,0.0,12.0,12.0,24.0,0.0,1.0,0.0,0.0,0.0,0.0,0.0,0.0
546.0,-30.0,4295.0,0.0,12.0,12.0,24.0,0.0,1.0,0.0,0.0,0.0,0.0,0.0,0.0
547.0,2.0,4295.0,0.0,12.0,12.0,24.0,0.0,1.0,0.0,0.0,0.0,0.0,0.0,0.0
548.0,-30.0,4310.0,0.0,12.0,12.0,24.0,0.0,1.0,0.0,0.0,0.0,0.0,0.0,0.0
549.0,2.0,4310.0,0.0,12.0,12.0,24.0,0.0,1.0,0.0,0.0,0.0,0.0,0.0,0.0
550.0,-30.0,4325.0,0.0,12.0,12.0,24.0,0.0,1.0,0.0,0.0,0.0,0.0,0.0,0.0
551.0,2.0,4325.0,0.0,12.0,12.0,24.0,0.0,1.0,0.0,0.0,0.0,0.0,0.0,0.0
552.0,-30.0,4340.0,0.0,12.0,12.0,24.0,0.0,1.0,0.0,0.0,0.0,0.0,0.0,0.0
553.0,2.0,4340.0,0.0,12.0,12.0,24.0,0.0,1.0,0.0,0.0,0.0,0.0,0.0,0.0
554.0,-30.0,4355.0,0.0,12.0,12.0,24.0,0.0,1.0,0.0,0.0,0.0,0.0,0.0,0.0
555.0,2.0,4355.0,0.0,12.0,12.0,24.0,0.0,1.0,0.0,0.0,0.0,0.0,0.0,0.0
556.0,-30.0,4370.0,0.0,12.0,12.0,24.0,0.0,1.0,0.0,0.0,0.0,0.0,0.0,0.0
557.0,2.0,4370.0,0.0,12.0,12.0,24.0,0.0,1.0,0.0,0.0,0.0,0.0,0.0,0.0
558.0,-30.0,4385.0,0.0,12.0,12.0,24.0,0.0,1.0,0.0,0.0,0.0,0.0,0.0,0.0
559.0,2.0,4385.0,0.0,12.0,12.0,24.0,0.0,1.0,0.0,0.0,0.0,0.0,0.0,0.0
560.0,-30.0,4400.0,0.0,12.0,12.0,24.0,0.0,1.0,0.0,0.0,0.0,0.0,0.0,0.0
561.0,2.0,4400.0,0.0,12.0,12.0,24.0,0.0,1.0,0.0,0.0,0.0,0.0,0.0,0.0
562.0,-30.0,4415.0,0.0,12.0,12.0,24.0,0.0,1.0,0.0,0.0,0.0,0.0,0.0,0.0
563.0,2.0,4415.0,0.0,12.0,12.0,24.0,0.0,1.0,0.0,0.0,0.0,0.0,0.0,0.0
564.0,-30.0,4430.0,0.0,12.0,12.0,24.0,0.0,1.0,0.0,0.0,0.0,0.0,0.0,0.0
565.0,2.0,4430.0,0.0,12.0,12.0,24.0,0.0,1.0,0.0,0.0,0.0,0.0,0.0,0.0
566.0,-30.0,4445.0,0.0,12.0,12.0,24.0,0.0,1.0,0.0,0.0,0.0,0.0,0.0,0.0
567.0,2.0,4445.0,0.0,12.0,12.0,24.0,0.0,1.0,0.0,0.0,0.0,0.0,0.0,0.0
568.0,-30.0,4460.0,0.0,12.0,12.0,24.0,0.0,1.0,0.0,0.0,0.0,0.0,0.0,0.0
569.0,2.0,4460.0,0.0,12.0,12.0,24.0,0.0,1.0,0.0,0.0,0.0,0.0,0.0,0.0
570.0,-30.0,4475.0,0.0,12.0,12.0,24.0,0.0,1.0,0.0,0.0,0.0,0.0,0.0,0.0
571.0,2.0,4475.0,0.0,12.0,12.0,24.0,0.0,1.0,0.0,0.0,0.0,0.0,0.0,0.0
572.0,-30.0,4490.0,0.0,12.0,12.0,24.0,0.0,1.0,0.0,0.0,0.0,0.0,0.0,0.0
573.0,2.0,4490.0,0.0,12.0,12.0,24.0,0.0,1.0,0.0,0.0,0.0,0.0,0.0,0.0
574.0,-30.0,4505.0,0.0,12.0,12.0,24.0,0.0,1.0,0.0,0.0,0.0,0.0,0.0,0.0
575.0,2.0,4505.0,0.0,12.0,12.0,24.0,0.0,1.0,0.0,0.0,0.0,0.0,0.0,0.0
576.0,-30.0,4520.0,0.0,12.0,12.0,24.0,0.0,1.0,0.0,0.0,0.0,0.0,0.0,0.0
577.0,2.0,4520.0,0.0,12.0,12.0,24.0,0.0,1.0,0.0,0.0,0.0,0.0,0.0,0.0
578.0,-30.0,4535.0,0.0,12.0,12.0,24.0,0.0,1.0,0.0,0.0,0.0,0.0,0.0,0.0
579.0,2.0,4535.0,0.0,12.0,12.0,24.0,0.0,1.0,0.0,0.0,0.0,0.0,0.0,0.0
580.0,-30.0,4550.0,0.0,12.0,12.0,24.0,0.0,1.0,0.0,0.0,0.0,0.0,0.0,0.0
581.0,2.0,4550.0,0.0,12.0,12.0,24.0,0.0,1.0,0.0,0.0,0.0,0.0,0.0,0.0
582.0,-30.0,4565.0,0.0,12.0,12.0,24.0,0.0,1.0,0.0,0.0,0.0,0.0,0.0,0.0
583.0,2.0,4565.0,0.0,12.0,12.0,24.0,0.0,1.0,0.0,0.0,0.0,0.0,0.0,0.0
584.0,-30.0,4580.0,0.0,12.0,12.0,24.0,0.0,1.0,0.0,0.0,0.0,0.0,0.0,0.0
585.0,2.0,4580.0,0.0,12.0,12.0,24.0,0.0,1.0,0.0,0.0,0.0,0.0,0.0,0.0
586.0,-30.0,4595.0,0.0,12.0,12.0,24.0,0.0,1.0,0.0,0.0,0.0,0.0,0.0,0.0
587.0,2.0,4595.0,0.0,12.0,12.0,24.0,0.0,1.0,0.0,0.0,0.0,0.0,0.0,0.0
588.0,-30.0,4610.0,0.0,12.0,12.0,24.0,0.0,1.0,0.0,0.0,0.0,0.0,0.0,0.0
589.0,2.0,4610.0,0.0,12.0,12.0,24.0,0.0,1.0,0.0,0.0,0.0,0.0,0.0,0.0
590.0,-30.0,4625.0,0.0,12.0,12.0,24.0,0.0,1.0,0.0,0.0,0.0,0.0,0.0,0.0
591.0,2.0,4625.0,0.0,12.0,12.0,24.0,0.0,1.0,0.0,0.0,0.0,0.0,0.0,0.0
592.0,-30.0,4640.0,0.0,12.0,12.0,24.0,0.0,1.0,0.0,0.0,0.0,0.0,0.0,0.0
593.0,2.0,4640.0,0.0,12.0,12.0,24.0,0.0,1.0,0.0,0.0,0.0,0.0,0.0,0.0
594.0,-30.0,4655.0,0.0,12.0,12.0,24.0,0.0,1.0,0.0,0.0,0.0,0.0,0.0,0.0
595.0,2.0,4655.0,0.0,12.0,12.0,24.0,0.0,1.0,0.0,0.0,0.0,0.0,0.0,0.0
596.0,-30.0,4670.0,0.0,12.0,12.0,24.0,0.0,1.0,0.0,0.0,0.0,0.0,0.0,0.0
597.0,2.0,4670.0,0.0,12.0,12.0,24.0,0.0,1.0,0.0,0.0,0.0,0.0,0.0,0.0
598.0,-30.0,4685.0,0.0,12.0,12.0,24.0,0.0,1.0,0.0,0.0,0.0,0.0,0.0,0.0
599.0,2.0,4685.0,0.0,12.0,12.0,24.0,0.0,1.0,0.0,0.0,0.0,0.0,0.0,0.0
600.0,-30.0,4700.0,0.0,12.0,12.0,24.0,0.0,1.0,0.0,0.0,0.0,0.0,0.0,0.0
601.0,2.0,4700.0,0.0,12.0,12.0,24.0,0.0,1.0,0.0,0.0,0.0,0.0,0.0,0.0
602.0,-30.0,4715.0,0.0,12.0,12.0,24.0,0.0,1.0,0.0,0.0,0.0,0.0,0.0,0.0
603.0,2.0,4715.0,0.0,12.0,12.0,24.0,0.0,1.0,0.0,0.0,0.0,0.0,0.0,0.0
604.0,-30.0,4730.0,0.0,12.0,12.0,24.0,0.0,1.0,0.0,0.0,0.0,0.0,0.0,0.0
605.0,2.0,4730.0,0.0,12.0,12.0,24.0,0.0,1.0,0.0,0.0,0.0,0.0,0.0,0.0
606.0,-30.0,4745.0,0.0,12.0,12.0,24.0,0.0,1.0,0.0,0.0,0.0,0.0,0.0,0.0
607.0,2.0,4745.0,0.0,12.0,12.0,24.0,0.0,1.0,0.0,0.0,0.0,0.0,0.0,0.0
608.0,-30.0,4760.0,0.0,12.0,12.0,24.0,0.0,1.0,0.0,0.0,0.0,0.0,0.0,0.0
609.0,2.0,4760.0,0.0,12.0,12.0,24.0,0.0,1.0,0.0,0.0,0.0,0.0,0.0,0.0
610.0,-30.0,4775.0,0.0,12.0,12.0,24.0,0.0,1.0,0.0,0.0,0.0,0.0,0.0,0.0
611.0,2.0,4775.0,0.0,12.0,12.0,24.0,0.0,1.0,0.0,0.0,0.0,0.0,0.0,0.0
612.0,-30.0,4790.0,0.0,12.0,12.0,24.0,0.0,1.0,0.0,0.0,0.0,0.0,0.0,0.0
613.0,2.0,4790.0,0.0,12.0,12.0,24.0,0.0,1.0,0.0,0.0,0.0,0.0,0.0,0.0
614.0,-30.0,4805.0,0.0,12.0,12.0,24.0,0.0,1.0,0.0,0.0,0.0,0.0,0.0,0.0
615.0,2.0,4805.0,0.0,12.0,12.0,24.0,0.0,1.0,0.0,0.0,0.0,0.0,0.0,0.0
616.0,-30.0,4820.0,0.0,12.0,12.0,24.0,0.0,1.0,0.0,0.0,0.0,0.0,0.0,0.0
617.0,2.0,4820.0,0.0,12.0,12.0,24.0,0.0,1.0,0.0,0.0,0.0,0.0,0.0,0.0
618.0,-30.0,4835.0,0.0,12.0,12.0,24.0,0.0,1.0,0.0,0.0,0.0,0.0,0.0,0.0
619.0,2.0,4835.0,0.0,12.0,12.0,24.0,0.0,1.0,0.0,0.0,0.0,0.0,0.0,0.0
620.0,-30.0,4850.0,0.0,12.0,12.0,24.0,0.0,1.0,0.0,0.0,0.0,0.0,0.0,0.0
621.0,2.0,4850.0,0.0,12.0,12.0,24.0,0.0,1.0,0.0,0.0,0.0,0.0,0.0,0.0
622.0,-30.0,4865.0,0.0,12.0,12.0,24.0,0.0,1.0,0.0,0.0,0.0,0.0,0.0,0.0
623.0,2.0,4865.0,0.0,12.0,12.0,24.0,0.0,1.0,0.0,0.0,0.0,0.0,0.0,0.0
624.0,-30.0,4880.0,0.0,12.0,12.0,24.0,0.0,1.0,0.0,0.0,0.0,0.0,0.0,0.0
625.0,2.0,4880.0,0.0,12.0,12.0,24.0,0.0,1.0,0.0,0.0,0.0,0.0,0.0,0.0
626.0,-30.0,4895.0,0.0,12.0,12.0,24.0,0.0,1.0,0.0,0.0,0.0,0.0,0.0,0.0
627.0,2.0,4895.0,0.0,12.0,12.0,24.0,0.0,1.0,0.0,0.0,0.0,0.0,0.0,0.0
628.0,-30.0,4910.0,0.0,12.0,12.0,24.0,0.0,1.0,0.0,0.0,0.0,0.0,0.0,0.0
629.0,2.0,4910.0,0.0,12.0,12.0,24.0,0.0,1.0,0.0,0.0,0.0,0.0,0.0,0.0
630.0,-30.0,4925.0,0.0,12.0,12.0,24.0,0.0,1.0,0.0,0.0,0.0,0.0,0.0,0.0
631.0,2.0,4925.0,0.0,12.0,12.0,24.0,0.0,1.0,0.0,0.0,0.0,0.0,0.0,0.0
632.0,-30.0,4940.0,0.0,12.0,12.0,24.0,0.0,1.0,0.0,0.0,0.0,0.0,0.0,0.0
633.0,2.0,4940.0,0.0,12.0,12.0,24.0,0.0,1.0,0.0,0.0,0.0,0.0,0.0,0.0
634.0,-30.0,4955.0,0.0,12.0,12.0,24.0,0.0,1.0,0.0,0.0,0.0,0.0,0.0,0.0
635.0,2.0,4955.0,0.0,12.0,12.0,24.0,0.0,1.0,0.0,0.0,0.0,0.0,0.0,0.0
636.0,-30.0,4970.0,0.0,12.0,12.0,24.0,0.0,1.0,0.0,0.0,0.0,0.0,0.0,0.0
637.0,2.0,4970.0,0.0,12.0,12.0,24.0,0.0,1.0,0.0,0.0,0.0,0.0,0.0,0.0
638.0,-30.0,4985.0,0.0,12.0,12.0,24.0,0.0,1.0,0.0,0.0,0.0,0.0,0.0,0.0
639.0,2.0,4985.0,0.0,12.0,12.0,24.0,0.0,1.0,0.0,0.0,0.0,0.0,0.0,0.0
640.0,-30.0,5000.0,0.0,12.0,12.0,24.0,0.0,1.0,0.0,0.0,0.0,0.0,0.0,0.0
641.0,2.0,5000.0,0.0,12.0,12.0,24.0,0.0,1.0,0.0,0.0,0.0,0.0,0.0,0.0
642.0,-30.0,5015.0,0.0,12.0,12.0,24.0,0.0,1.0,0.0,0.0,0.0,0.0,0.0,0.0
643.0,2.0,5015.0,0.0,12.0,12.0,24.0,0.0,1.0,0.0,0.0,0.0,0.0,0.0,0.0
644.0,-30.0,5030.0,0.0,12.0,12.0,24.0,0.0,1.0,0.0,0.0,0.0,0.0,0.0,0.0
645.0,2.0,5030.0,0.0,12.0,12.0,24.0,0.0,1.0,0.0,0.0,0.0,0.0,0.0,0.0
646.0,-30.0,5045.0,0.0,12.0,12.0,24.0,0.0,1.0,0.0,0.0,0.0,0.0,0.0,0.0
647.0,2.0,5045.0,0.0,12.0,12.0,24.0,0.0,1.0,0.0,0.0,0.0,0.0,0.0,0.0
648.0,-30.0,5060.0,0.0,12.0,12.0,24.0,0.0,1.0,0.0,0.0,0.0,0.0,0.0,0.0
649.0,2.0,5060.0,0.0,12.0,12.0,24.0,0.0,1.0,0.0,0.0,0.0,0.0,0.0,0.0
650.0,-30.0,5075.0,0.0,12.0,12.0,24.0,0.0,1.0,0.0,0.0,0.0,0.0,0.0,0.0
651.0,2.0,5075.0,0.0,12.0,12.0,24.0,0.0,1.0,0.0,0.0,0.0,0.0,0.0,0.0
652.0,-30.0,5090.0,0.0,12.0,12.0,24.0,0.0,1.0,0.0,0.0,0.0,0.0,0.0,0.0
653.0,2.0,5090.0,0.0,12.0,12.0,24.0,0.0,1.0,0.0,0.0,0.0,0.0,0.0,0.0
654.0,-30.0,5105.0,0.0,12.0,12.0,24.0,0.0,1.0,0.0,0.0,0.0,0.0,0.0,0.0
655.0,2.0,5105.0,0.0,12.0,12.0,24.0,0.0,1.0,0.0,0.0,0.0,0.0,0.0,0.0
656.0,-30.0,5120.0,0.0,12.0,12.0,24.0,0.0,1.0,0.0,0.0,0.0,0.0,0.0,0.0
657.0,2.0,5120.0,0.0,12.0,12.0,24.0,0.0,1.0,0.0,0.0,0.0,0.0,0.0,0.0
658.0,-30.0,5135.0,0.0,12.0,12.0,24.0,0.0,1.0,0.0,0.0,0.0,0.0,0.0,0.0
659.0,2.0,5135.0,0.0,12.0,12.0,24.0,0.0,1.0,0.0,0.0,0.0,0.0,0.0,0.0
660.0,-30.0,5150.0,0.0,12.0,12.0,24.0,0.0,1.0,0.0,0.0,0.0,0.0,0.0,0.0
661.0,2.0,5150.0,0.0,12.0,12.0,24.0,0.0,1.0,0.0,0.0,0.0,0.0,0.0,0.0
662.0,-30.0,5165.0,0.0,12.0,12.0,24.0,0.0,1.0,0.0,0.0,0.0,0.0,0.0,0.0
663.0,2.0,5165.0,0.0,12.0,12.0,24.0,0.0,1.0,0.0,0.0,0.0,0.0,0.0,0.0
664.0,-30.0,5180.0,0.0,12.0,12.0,24.0,0.0,1.0,0.0,0.0,0.0,0.0,0.0,0.0
665.0,2.0,5180.0,0.0,12.0,12.0,24.0,0.0,1.0,0.0,0.0,0.0,0.0,0.0,0.0
666.0,-30.0,5195.0,0.0,12.0,12.0,24.0,0.0,1.0,0.0,0.0,0.0,0.0,0.0,0.0
667.0,2.0,5195.0,0.0,12.0,12.0,24.0,0.0,1.0,0.0,0.0,0.0,0.0,0.0,0.0
668.0,-30.0,5210.0,0.0,12.0,12.0,24.0,0.0,1.0,0.0,0.0,0.0,0.0,0.0,0.0
669.0,2.0,5210.0,0.0,12.0,12.0,24.0,0.0,1.0,0.0,0.0,0.0,0.0,0.0,0.0
670.0,-30.0,5225.0,0.0,12.0,12.0,24.0,0.0,1.0,0.0,0.0,0.0,0.0,0.0,0.0
671.0,2.0,5225.0,0.0,12.0,12.0,24.0,0.0,1.0,0.0,0.0,0.0,0.0,0.0,0.0
672.0,-30.0,5240.0,0.0,12.0,12.0,24.0,0.0,1.0,0.0,0.0,0.0,0.0,0.0,0.0
673.0,2.0,5240.0,0.0,12.0,12.0,24.0,0.0,1.0,0.0,0.0,0.0,0.0,0.0,0.0
674.0,-30.0,5255.0,0.0,12.0,12.0,24.0,0.0,1.0,0.0,0.0,0.0,0.0,0.0,0.0
675.0,2.0,5255.0,0.0,12.0,12.0,24.0,0.0,1.0,0.0,0.0,0.0,0.0,0.0,0.0
676.0,-30.0,5270.0,0.0,12.0,12.0,24.0,0.0,1.0,0.0,0.0,0.0,0.0,0.0,0.0
677.0,2.0,5270.0,0.0,12.0,12.0,24.0,0.0,1.0,0.0,0.0,0.0,0.0,0.0,0.0
678.0,-30.0,5285.0,0.0,12.0,12.0,24.0,0.0,1.0,0.0,0.0,0.0,0.0,0.0,0.0
679.0,2.0,5285.0,0.0,12.0,12.0,24.0,0.0,1.0,0.0,0.0,0.0,0.0,0.0,0.0
680.0,-30.0,5300.0,0.0,12.0,12.0,24.0,0.0,1.0,0.0,0.0,0.0,0.0,0.0,0.0
681.0,2.0,5300.0,0.0,12.0,12.0,24.0,0.0,1.0,0.0,0.0,0.0,0.0,0.0,0.0
682.0,-30.0,5315.0,0.0,12.0,12.0,24.0,0.0,1.0,0.0,0.0,0.0,0.0,0.0,0.0
683.0,2.0,5315.0,0.0,12.0,12.0,24.0,0.0,1.0,0.0,0.0,0.0,0.0,0.0,0.0
684.0,-30.0,5330.0,0.0,12.0,12.0,24.0,0.0,1.0,0.0,0.0,0.0,0.0,0.0,0.0
685.0,2.0,5330.0,0.0,12.0,12.0,24.0,0.0,1.0,0.0,0.0,0.0,0.0,0.0,0.0
686.0,-30.0,5345.0,0.0,12.0,12.0,24.0,0.0,1.0,0.0,0.0,0.0,0.0,0.0,0.0
687.0,2.0,5345.0,0.0,12.0,12.0,24.0,0.0,1.0,0.0,0.0,0.0,0.0,0.0,0.0
688.0,-30.0,5360.0,0.0,12.0,12.0,24.0,0.0,1.0,0.0,0.0,0.0,0.0,0.0,0.0
689.0,2.0,5360.0,0.0,12.0,12.0,24.0,0.0,1.0,0.0,0.0,0.0,0.0,0.0,0.0
690.0,-30.0,5375.0,0.0,12.0,12.0,24.0,0.0,1.0,0.0,0.0,0.0,0.0,0.0,0.0
691.0,2.0,5375.0,0.0,12.0,12.0,24.0,0.0,1.0,0.0,0.0,0.0,0.0,0.0,0.0
692.0,-30.0,5390.0,0.0,12.0,12.0,24.0,0.0,1.0,0.0,0.0,0.0,0.0,0.0,0.0
693.0,2.0,5390.0,0.0,12.0,12.0,24.0,0.0,1.0,0.0,0.0,0.0,0.0,0.0,0.0
694.0,-30.0,5405.0,0.0,12.0,12.0,24.0,0.0,1.0,0.0,0.0,0.0,0.0,0.0,0.0
695.0,2.0,5405.0,0.0,12.0,12.0,24.0,0.0,1.0,0.0,0.0,0.0,0.0,0.0,0.0
696.0,-30.0,5420.0,0.0,12.0,12.0,24.0,0.0,1.0,0.0,0.0,0.0,0.0,0.0,0.0
697.0,2.0,5420.0,0.0,12.0,12.0,24.0,0.0,1.0,0.0,0.0,0.0,0.0,0.0,0.0
698.0,-30.0,5435.0,0.0,12.0,12.0,24.0,0.0,1.0,0.0,0.0,0.0,0.0,0.0,0.0
699.0,2.0,5435.0,0.0,12.0,12.0,24.0,0.0,1.0,0.0,0.0,0.0,0.0,0.0,0.0
700.0,-30.0,5450.0,0.0,12.0,12.0,24.0,0.0,1.0,0.0,0.0,0.0,0.0,0.0,0.0
701.0,2.0,5450.0,0.0,12.0,12.0,24.0,0.0,1.0,0.0,0.0,0.0,0.0,0.0,0.0
702.0,-30.0,5465.0,0.0,12.0,12.0,24.0,0.0,1.0,0.0,0.0,0.0,0.0,0.0,0.0
703.0,2.0,5465.0,0.0,12.0,12.0,24.0,0.0,1.0,0.0,0.0,0.0,0.0,0.0,0.0
704.0,-30.0,5480.0,0.0,12.0,12.0,24.0,0.0,1.0,0.0,0.0,0.0,0.0,0.0,0.0
705.0,2.0,5480.0,0.0,12.0,12.0,24.0,0.0,1.0,0.0,0.0,0.0,0.0,0.0,0.0
706.0,-30.0,5495.0,0.0,12.0,12.0,24.0,0.0,1.0,0.0,0.0,0.0,0.0,0.0,0.0
707.0,2.0,5495.0,0.0,12.0,12.0,24.0,0.0,1.0,0.0,0.0,0.0,0.0,0.0,0.0
708.0,-30.0,5510.0,0.0,12.0,12.0,24.0,0.0,1.0,0.0,0.0,0.0,0.0,0.0,0.0
709.0,2.0,5510.0,0.0,12.0,12.0,24.0,0.0,1.0,0.0,0.0,0.0,0.0,0.0,0.0
710.0,-30.0,5525.0,0.0,12.0,12.0,24.0,0.0,1.0,0.0,0.0,0.0,0.0,0.0,0.0
711.0,2.0,5525.0,0.0,12.0,12.0,24.0,0.0,1.0,0.0,0.0,0.0,0.0,0.0,0.0
712.0,-30.0,5540.0,0.0,12.0,12.0,24.0,0.0,1.0,0.0,0.0,0.0,0.0,0.0,0.0
713.0,2.0,5540.0,0.0,12.0,12.0,24.0,0.0,1.0,0.0,0.0,0.0,0.0,0.0,0.0
714.0,-30.0,5555.0,0.0,12.0,12.0,24.0,0.0,1.0,0.0,0.0,0.0,0.0,0.0,0.0
715.0,2.0,5555.0,0.0,12.0,12.0,24.0,0.0,1.0,0.0,0.0,0.0,0.0,0.0,0.0
716.0,-30.0,5570.0,0.0,12.0,12.0,24.0,0.0,1.0,0.0,0.0,0.0,0.0,0.0,0.0
717.0,2.0,5570.0,0.0,12.0,12.0,24.0,0.0,1.0,0.0,0.0,0.0,0.0,0.0,0.0
718.0,-30.0,5585.0,0.0,12.0,12.0,24.0,0.0,1.0,0.0,0.0,0.0,0.0,0.0,0.0
719.0,2.0,5585.0,0.0,12.0,12.0,24.0,0.0,1.0,0.0,0.0,0.0,0.0,0.0,0.0
720.0,-30.0,5600.0,0.0,12.0,12.0,24.0,0.0,1.0,0.0,0.0,0.0,0.0,0.0,0.0
721.0,2.0,5600.0,0.0,12.0,12.0,24.0,0.0,1.0,0.0,0.0,0.0,0.0,0.0,0.0
722.0,-30.0,5615.0,0.0,12.0,12.0,24.0,0.0,1.0,0.0,0.0,0.0,0.0,0.0,0.0
723.0,2.0,5615.0,0.0,12.0,12.0,24.0,0.0,1.0,0.0,0.0,0.0,0.0,0.0,0.0
724.0,-30.0,5630.0,0.0,12.0,12.0,24.0,0.0,1.0,0.0,0.0,0.0,0.0,0.0,0.0
725.0,2.0,5630.0,0.0,12.0,12.0,24.0,0.0,1.0,0.0,0.0,0.0,0.0,0.0,0.0
726.0,-30.0,5645.0,0.0,12.0,12.0,24.0,0.0,1.0,0.0,0.0,0.0,0.0,0.0,0.0
727.0,2.0,5645.0,0.0,12.0,12.0,24.0,0.0,1.0,0.0,0.0,0.0,0.0,0.0,0.0
728.0,-30.0,5660.0,0.0,12.0,12.0,24.0,0.0,1.0,0.0,0.0,0.0,0.0,0.0,0.0
729.0,2.0,5660.0,0.0,12.0,12.0,24.0,0.0,1.0,0.0,0.0,0.0,0.0,0.0,0.0
730.0,-30.0,5675.0,0.0,12.0,12.0,24.0,0.0,1.0,0.0,0.0,0.0,0.0,0.0,0.0
731.0,2.0,5675.0,0.0,12.0,12.0,24.0,0.0,1.0,0.0,0.0,0.0,0.0,0.0,0.0
732.0,-30.0,5690.0,0.0,12.0,12.0,24.0,0.0,1.0,0.0,0.0,0.0,0.0,0.0,0.0
733.0,2.0,5690.0,0.0,12.0,12.0,24.0,0.0,1.0,0.0,0.0,0.0,0.0,0.0,0.0
734.0,-30.0,5705.0,0.0,12.0,12.0,24.0,0.0,1.0,0.0,0.0,0.0,0.0,0.0,0.0
735.0,2.0,5705.0,0.0,12.0,12.0,24.0,0.0,1.0,0.0,0.0,0.0,0.0,0.0,0.0
736.0,-30.0,5720.0,0.0,12.0,12.0,24.0,0.0,1.0,0.0,0.0,0.0,0.0,0.0,0.0
737.0,2.0,5720.0,0.0,12.0,12.0,24.0,0.0,1.0,0.0,0.0,0.0,0.0,0.0,0.0
738.0,-30.0,5735.0,0.0,12.0,12.0,24.0,0.0,1.0,0.0,0.0,0.0,0.0,0.0,0.0
739.0,2.0,5735.0,0.0,12.0,12.0,24.0,0.0,1.0,0.0,0.0,0.0,0.0,0.0,0.0
740.0,-30.0,5750.0,0.0,12.0,12.0,24.0,0.0,1.0,0.0,0.0,0.0,0.0,0.0,0.0
741.0,2.0,5750.0,0.0,12.0,12.0,24.0,0.0,1.0,0.0,0.0,0.0,0.0,0.0,0.0
742.0,-30.0,5765.0,0.0,12.0,12.0,24.0,0.0,1.0,0.0,0.0,0.0,0.0,0.0,0.0
743.0,2.0,5765.0,0.0,12.0,12.0,24.0,0.0,1.0,0.0,0.0,0.0,0.0,0.0,0.0
744.0,-30.0,5780.0,0.0,12.0,12.0,24.0,0.0,1.0,0.0,0.0,0.0,0.0,0.0,0.0
745.0,2.0,5780.0,0.0,12.0,12.0,24.0,0.0,1.0,0.0,0.0,0.0,0.0,0.0,0.0
746.0,-30.0,5795.0,0.0,12.0,12.0,24.0,0.0,1.0,0.0,0.0,0.0,0.0,0.0,0.0
747.0,2.0,5795.0,0.0,12.0,12.0,24.0,0.0,1.0,0.0,0.0,0.0,0.0,0.0,0.0
748.0,-30.0,5810.0,0.0,12.0,12.0,24.0,0.0,1.0,0.0,0.0,0.0,0.0,0.0,0.0
749.0,2.0,5810.0,0.0,12.0,12.0,24.0,0.0,1.0,0.0,0.0,0.0,0.0,0.0,0.0
750.0,-30.0,5825.0,0.0,12.0,12.0,24.0,0.0,1.0,0.0,0.0,0.0,0.0,0.0,0.0
751.0,2.0,5825.0,0.0,12.0,12.0,24.0,0.0,1.0,0.0,0.0,0.0,0.0,0.0,0.0
752.0,-30.0,5840.0,0.0,12.0,12.0,24.0,0.0,1.0,0.0,0.0,0.0,0.0,0.0,0.0
753.0,2.0,5840.0,0.0,12.0,12.0,24.0,0.0,1.0,0.0,0.0,0.0,0.0,0.0,0.0
754.0,-30.0,5855.0,0.0,12.0,12.0,24.0,0.0,1.0,0.0,0.0,0.0,0.0,0.0,0.0
755.0,2.0,5855.0,0.0,12.0,12.0,24.0,0.0,1.0,0.0,0.0,0.0,0.0,0.0,0.0
756.0,-30.0,5870.0,0.0,12.0,12.0,24.0,0.0,1.0,0.0,0.0,0.0,0.0,0.0,0.0
757.0,2.0,5870.0,0.0,12.0,12.0,24.0,0.0,1.0,0.0,0.0,0.0,0.0,0.0,0.0
758.0,-30.0,5885.0,0.0,12.0,12.0,24.0,0.0,1.0,0.0,0.0,0.0,0.0,0.0,0.0
759.0,2.0,5885.0,0.0,12.0,12.0,24.0,0.0,1.0,0.0,0.0,0.0,0.0,0.0,0.0
760.0,-30.0,5900.0,0.0,12.0,12.0,24.0,0.0,1.0,0.0,0.0,0.0,0.0,0.0,0.0
761.0,2.0,5900.0,0.0,12.0,12.0,24.0,0.0,1.0,0.0,0.0,0.0,0.0,0.0,0.0
762.0,-30.0,5915.0,0.0,12.0,12.0,24.0,0.0,1.0,0.0,0.0,0.0,0.0,0.0,0.0
763.0,2.0,5915.0,0.0,12.0,12.0,24.0,0.0,1.0,0.0,0.0,0.0,0.0,0.0,0.0
764.0,-30.0,5930.0,0.0,12.0,12.0,24.0,0.0,1.0,0.0,0.0,0.0,0.0,0.0,0.0
765.0,2.0,5930.0,0.0,12.0,12.0,24.0,0.0,1.0,0.0,0.0,0.0,0.0,0.0,0.0
766.0,-30.0,5945.0,0.0,12.0,12.0,24.0,0.0,1.0,0.0,0.0,0.0,0.0,0.0,0.0
767.0,2.0,5945.0,0.0,12.0,12.0,24.0,0.0,1.0,0.0,0.0,0.0,0.0,0.0,0.0
768.0,-30.0,5960.0,0.0,12.0,12.0,24.0,0.0,1.0,0.0,0.0,0.0,0.0,0.0,0.0
769.0,2.0,5960.0,0.0,12.0,12.0,24.0,0.0,1.0,0.0,0.0,0.0,0.0,0.0,0.0
770.0,-30.0,5975.0,0.0,12.0,12.0,24.0,0.0,1.0,0.0,0.0,0.0,0.0,0.0,0.0
771.0,2.0,5975.0,0.0,12.0,12.0,24.0,0.0,1.0,0.0,0.0,0.0,0.0,0.0,0.0
772.0,-30.0,5990.0,0.0,12.0,12.0,24.0,0.0,1.0,0.0,0.0,0.0,0.0,0.0,0.0
773.0,2.0,5990.0,0.0,12.0,12.0,24.0,0.0,1.0,0.0,0.0,0.0,0.0,0.0,0.0
774.0,-30.0,6005.0,0.0,12.0,12.0,24.0,0.0,1.0,0.0,0.0,0.0,0.0,0.0,0.0
775.0,2.0,6005.0,0.0,12.0,12.0,24.0,0.0,1.0,0.0,0.0,0.0,0.0,0.0,0.0
776.0,-30.0,6020.0,0.0,12.0,12.0,24.0,0.0,1.0,0.0,0.0,0.0,0.0,0.0,0.0
777.0,2.0,6020.0,0.0,12.0,12.0,24.0,0.0,1.0,0.0,0.0,0.0,0.0,0.0,0.0
778.0,-30.0,6035.0,0.0,12.0,12.0,24.0,0.0,1.0,0.0,0.0,0.0,0.0,0.0,0.0
779.0,2.0,6035.0,0.0,12.0,12.0,24.0,0.0,1.0,0.0,0.0,0.0,0.0,0.0,0.0
780.0,-30.0,6050.0,0.0,12.0,12.0,24.0,0.0,1.0,0.0,0.0,0.0,0.0,0.0,0.0
781.0,2.0,6050.0,0.0,12.0,12.0,24.0,0.0,1.0,0.0,0.0,0.0,0.0,0.0,0.0
782.0,-30.0,6065.0,0.0,12.0,12.0,24.0,0.0,1.0,0.0,0.0,0.0,0.0,0.0,0.0
783.0,2.0,6065.0,0.0,12.0,12.0,24.0,0.0,1.0,0.0,0.0,0.0,0.0,0.0,0.0
784.0,-30.0,6080.0,0.0,12.0,12.0,24.0,0.0,1.0,0.0,0.0,0.0,0.0,0.0,0.0
785.0,2.0,6080.0,0.0,12.0,12.0,24.0,0.0,1.0,0.0,0.0,0.0,0.0,0.0,0.0
786.0,-30.0,6095.0,0.0,12.0,12.0,24.0,0.0,1.0,0.0,0.0,0.0,0.0,0.0,0.0
787.0,2.0,6095.0,0.0,12.0,12.0,24.0,0.0,1.0,0.0,0.0,0.0,0.0,0.0,0.0
788.0,-30.0,6110.0,0.0,12.0,12.0,24.0,0.0,1.0,0.0,0.0,0.0,0.0,0.0,0.0
789.0,2.0,6110.0,0.0,12.0,12.0,24.0,0.0,1.0,0.0,0.0,0.0,0.0,0.0,0.0
790.0,-30.0,6125.0,0.0,12.0,12.0,24.0,0.0,1.0,0.0,0.0,0.0,0.0,0.0,0.0
791.0,2.0,6125.0,0.0,12.0,12.0,24.0,0.0,1.0,0.0,0.0,0.0,0.0,0.0,0.0
792.0,-30.0,6140.0,0.0,12.0,12.0,24.0,0.0,1.0,0.0,0.0,0.0,0.0,0.0,0.0
793.0,2.0,6140.0,0.0,12.0,12.0,24.0,0.0,1.0,0.0,0.0,0.0,0.0,0.0,0.0
794.0,-30.0,6155.0,0.0,12.0,12.0,24.0,0.0,1.0,0.0,0.0,0.0,0.0,0.0,0.0
795.0,2.0,6155.0,0.0,12.0,12.0,24.0,0.0,1.0,0.0,0.0,0.0,0.0,0.0,0.0
796.0,-30.0,6170.0,0.0,12.0,12.0,24.0,0.0,1.0,0.0,0.0,0.0,0.0,0.0,0.0
797.0,2.0,6170.0,0.0,12.0,12.0,24.0,0.0,1.0,0.0,0.0,0.0,0.0,0.0,0.0
798.0,-30.0,6185.0,0.0,12.0,12.0,24.0,0.0,1.0,0.0,0.0,0.0,0.0,0.0,0.0
799.0,2.0,6185.0,0.0,12.0,12.0,24.0,0.0,1.0,0.0,0.0,0.0,0.0,0.0,0.0
800.0,-30.0,6200.0,0.0,12.0,12.0,24.0,0.0,1.0,0.0,0.0,0.0,0.0,0.0,0.0
801.0,2.0,6200.0,0.0,12.0,12.0,24.0,0.0,1.0,0.0,0.0,0.0,0.0,0.0,0.0
802.0,-30.0,6215.0,0.0,12.0,12.0,24.0,0.0,1.0,0.0,0.0,0.0,0.0,0.0,0.0
803.0,2.0,6215.0,0.0,12.0,12.0,24.0,0.0,1.0,0.0,0.0,0.0,0.0,0.0,0.0
804.0,-30.0,6230.0,0.0,12.0,12.0,24.0,0.0,1.0,0.0,0.0,0.0,0.0,0.0,0.0
805.0,2.0,6230.0,0.0,12.0,12.0,24.0,0.0,1.0,0.0,0.0,0.0,0.0,0.0,0.0
806.0,-30.0,6245.0,0.0,12.0,12.0,24.0,0.0,1.0,0.0,0.0,0.0,0.0,0.0,0.0
807.0,2.0,6245.0,0.0,12.0,12.0,24.0,0.0,1.0,0.0,0.0,0.0,0.0,0.0,0.0
808.0,-30.0,6260.0,0.0,12.0,12.0,24.0,0.0,1.0,0.0,0.0,0.0,0.0,0.0,0.0
809.0,2.0,6260.0,0.0,12.0,12.0,24.0,0.0,1.0,0.0,0.0,0.0,0.0,0.0,0.0
810.0,-30.0,6275.0,0.0,12.0,12.0,24.0,0.0,1.0,0.0,0.0,0.0,0.0,0.0,0.0
811.0,2.0,6275.0,0.0,12.0,12.0,24.0,0.0,1.0,0.0,0.0,0.0,0.0,0.0,0.0
812.0,-30.0,6290.0,0.0,12.0,12.0,24.0,0.0,1.0,0.0,0.0,0.0,0.0,0.0,0.0
813.0,2.0,6290.0,0.0,12.0,12.0,24.0,0.0,1.0,0.0,0.0,0.0,0.0,0.0,0.0
814.0,-30.0,6305.0,0.0,12.0,12.0,24.0,0.0,1.0,0.0,0.0,0.0,0.0,0.0,0.0
815.0,2.0,6305.0,0.0,12.0,12.0,24.0,0.0,1.0,0.0,0.0,0.0,0.0,0.0,0.0
816.0,-30.0,6320.0,0.0,12.0,12.0,24.0,0.0,1.0,0.0,0.0,0.0,0.0,0.0,0.0
817.0,2.0,6320.0,0.0,12.0,12.0,24.0,0.0,1.0,0.0,0.0,0.0,0.0,0.0,0.0
818.0,-30.0,6335.0,0.0,12.0,12.0,24.0,0.0,1.0,0.0,0.0,0.0,0.0,0.0,0.0
819.0,2.0,6335.0,0.0,12.0,12.0,24.0,0.0,1.0,0.0,0.0,0.0,0.0,0.0,0.0
820.0,-30.0,6350.0,0.0,12.0,12.0,24.0,0.0,1.0,0.0,0.0,0.0,0.0,0.0,0.0
821.0,2.0,6350.0,0.0,12.0,12.0,24.0,0.0,1.0,0.0,0.0,0.0,0.0,0.0,0.0
822.0,-30.0,6365.0,0.0,12.0,12.0,24.0,0.0,1.0,0.0,0.0,0.0,0.0,0.0,0.0
823.0,2.0,6365.0,0.0,12.0,12.0,24.0,0.0,1.0,0.0,0.0,0.0,0.0,0.0,0.0
824.0,-30.0,6380.0,0.0,12.0,12.0,24.0,0.0,1.0,0.0,0.0,0.0,0.0,0.0,0.0
825.0,2.0,6380.0,0.0,12.0,12.0,24.0,0.0,1.0,0.0,0.0,0.0,0.0,0.0,0.0
826.0,-30.0,6395.0,0.0,12.0,12.0,24.0,0.0,1.0,0.0,0.0,0.0,0.0,0.0,0.0
827.0,2.0,6395.0,0.0,12.0,12.0,24.0,0.0,1.0,0.0,0.0,0.0,0.0,0.0,0.0
828.0,-30.0,6410.0,0.0,12.0,12.0,24.0,0.0,1.0,0.0,0.0,0.0,0.0,0.0,0.0
829.0,2.0,6410.0,0.0,12.0,12.0,24.0,0.0,1.0,0.0,0.0,0.0,0.0,0.0,0.0
830.0,-30.0,6425.0,0.0,12.0,12.0,24.0,0.0,1.0,0.0,0.0,0.0,0.0,0.0,0.0
831.0,2.0,6425.0,0.0,12.0,12.0,24.0,0.0,1.0,0.0,0.0,0.0,0.0,0.0,0.0
832.0,-30.0,6440.0,0.0,12.0,12.0,24.0,0.0,1.0,0.0,0.0,0.0,0.0,0.0,0.0
833.0,2.0,6440.0,0.0,12.0,12.0,24.0,0.0,1.0,0.0,0.0,0.0,0.0,0.0,0.0
834.0,-30.0,6455.0,0.0,12.0,12.0,24.0,0.0,1.0,0.0,0.0,0.0,0.0,0.0,0.0
835.0,2.0,6455.0,0.0,12.0,12.0,24.0,0.0,1.0,0.0,0.0,0.0,0.0,0.0,0.0
836.0,-30.0,6470.0,0.0,12.0,12.0,24.0,0.0,1.0,0.0,0.0,0.0,0.0,0.0,0.0
837.0,2.0,6470.0,0.0,12.0,12.0,24.0,0.0,1.0,0.0,0.0,0.0,0.0,0.0,0.0
838.0,-30.0,6485.0,0.0,12.0,12.0,24.0,0.0,1.0,0.0,0.0,0.0,0.0,0.0,0.0
839.0,2.0,6485.0,0.0,12.0,12.0,24.0,0.0,1.0,0.0,0.0,0.0,0.0,0.0,0.0
840.0,-30.0,6500.0,0.0,12.0,12.0,24.0,0.0,1.0,0.0,0.0,0.0,0.0,0.0,0.0
841.0,2.0,6500.0,0.0,12.0,12.0,24.0,0.0,1.0,0.0,0.0,0.0,0.0,0.0,0.0
842.0,-30.0,6515.0,0.0,12.0,12.0,24.0,0.0,1.0,0.0,0.0,0.0,0.0,0.0,0.0
843.0,2.0,6515.0,0.0,12.0,12.0,24.0,0.0,1.0,0.0,0.0,0.0,0.0,0.0,0.0
844.0,-30.0,6530.0,0.0,12.0,12.0,24.0,0.0,1.0,0.0,0.0,0.0,0.0,0.0,0.0
845.0,2.0,6530.0,0.0,12.0,12.0,24.0,0.0,1.0,0.0,0.0,0.0,0.0,0.0,0.0
846.0,-30.0,6545.0,0.0,12.0,12.0,24.0,0.0,1.0,0.0,0.0,0.0,0.0,0.0,0.0
847.0,2.0,6545.0,0.0,12.0,12.0,24.0,0.0,1.0,0.0,0.0,0.0,0.0,0.0,0.0
848.0,-30.0,6560.0,0.0,12.0,12.0,24.0,0.0,1.0,0.0,0.0,0.0,0.0,0.0,0.0
849.0,2.0,6560.0,0.0,12.0,12.0,24.0,0.0,1.0,0.0,0.0,0.0,0.0,0.0,0.0
850.0,-30.0,6575.0,0.0,12.0,12.0,24.0,0.0,1.0,0.0,0.0,0.0,0.0,0.0,0.0
851.0,2.0,6575.0,0.0,12.0,12.0,24.0,0.0,1.0,0.0,0.0,0.0,0.0,0.0,0.0
852.0,-30.0,6590.0,0.0,12.0,12.0,24.0,0.0,1.0,0.0,0.0,0.0,0.0,0.0,0.0
853.0,2.0,6590.0,0.0,12.0,12.0,24.0,0.0,1.0,0.0,0.0,0.0,0.0,0.0,0.0
854.0,-30.0,6605.0,0.0,12.0,12.0,24.0,0.0,1.0,0.0,0.0,0.0,0.0,0.0,0.0
855.0,2.0,6605.0,0.0,12.0,12.0,24.0,0.0,1.0,0.0,0.0,0.0,0.0,0.0,0.0
856.0,-30.0,6620.0,0.0,12.0,12.0,24.0,0.0,1.0,0.0,0.0,0.0,0.0,0.0,0.0
857.0,2.0,6620.0,0.0,12.0,12.0,24.0,0.0,1.0,0.0,0.0,0.0,0.0,0.0,0.0
858.0,-30.0,6635.0,0.0,12.0,12.0,24.0,0.0,1.0,0.0,0.0,0.0,0.0,0.0,0.0
859.0,2.0,6635.0,0.0,12.0,12.0,24.0,0.0,1.0,0.0,0.0,0.0,0.0,0.0,0.0
860.0,-30.0,6650.0,0.0,12.0,12.0,24.0,0.0,1.0,0.0,0.0,0.0,0.0,0.0,0.0
861.0,2.0,6650.0,0.0,12.0,12.0,24.0,0.0,1.0,0.0,0.0,0.0,0.0,0.0,0.0
862.0,-30.0,6665.0,0.0,12.0,12.0,24.0,0.0,1.0,0.0,0.0,0.0,0.0,0.0,0.0
863.0,2.0,6665.0,0.0,12.0,12.0,24.0,0.0,1.0,0.0,0.0,0.0,0.0,0.0,0.0
864.0,-30.0,6680.0,0.0,12.0,12.0,24.0,0.0,1.0,0.0,0.0,0.0,0.0,0.0,0.0
865.0,2.0,6680.0,0.0,12.0,12.0,24.0,0.0,1.0,0.0,0.0,0.0,0.0,0.0,0.0
866.0,-30.0,6695.0,0.0,12.0,12.0,24.0,0.0,1.0,0.0,0.0,0.0,0.0,0.0,0.0
867.0,2.0,6695.0,0.0,12.0,12.0,24.0,0.0,1.0,0.0,0.0,0.0,0.0,0.0,0.0
868.0,-30.0,6710.0,0.0,12.0,12.0,24.0,0.0,1.0,0.0,0.0,0.0,0.0,0.0,0.0
869.0,2.0,6710.0,0.0,12.0,12.0,24.0,0.0,1.0,0.0,0.0,0.0,0.0,0.0,0.0
870.0,-30.0,6725.0,0.0,12.0,12.0,24.0,0.0,1.0,0.0,0.0,0.0,0.0,0.0,0.0
871.0,2.0,6725.0,0.0,12.0,12.0,24.0,0.0,1.0,0.0,0.0,0.0,0.0,0.0,0.0
872.0,-30.0,6740.0,0.0,12.0,12.0,24.0,0.0,1.0,0.0,0.0,0.0,0.0,0.0,0.0
873.0,2.0,6740.0,0.0,12.0,12.0,24.0,0.0,1.0,0.0,0.0,0.0,0.0,0.0,0.0
874.0,-30.0,6755.0,0.0,12.0,12.0,24.0,0.0,1.0,0.0,0.0,0.0,0.0,0.0,0.0
875.0,2.0,6755.0,0.0,12.0,12.0,24.0,0.0,1.0,0.0,0.0,0.0,0.0,0.0,0.0
876.0,-30.0,6770.0,0.0,12.0,12.0,24.0,0.0,1.0,0.0,0.0,0.0,0.0,0.0,0.0
877.0,2.0,6770.0,0.0,12.0,12.0,24.0,0.0,1.0,0.0,0.0,0.0,0.0,0.0,0.0
878.0,-30.0,6785.0,0.0,12.0,12.0,24.0,0.0,1.0,0.0,0.0,0.0,0.0,0.0,0.0
879.0,2.0,6785.0,0.0,12.0,12.0,24.0,0.0,1.0,0.0,0.0,0.0,0.0,0.0,0.0
880.0,-30.0,6800.0,0.0,12.0,12.0,24.0,0.0,1.0,0.0,0.0,0.0,0.0,0.0,0.0
881.0,2.0,6800.0,0.0,12.0,12.0,24.0,0.0,1.0,0.0,0.0,0.0,0.0,0.0,0.0
882.0,-30.0,6815.0,0.0,12.0,12.0,24.0,0.0,1.0,0.0,0.0,0.0,0.0,0.0,0.0
883.0,2.0,6815.0,0.0,12.0,12.0,24.0,0.0,1.0,0.0,0.0,0.0,0.0,0.0,0.0
884.0,-30.0,6830.0,0.0,12.0,12.0,24.0,0.0,1.0,0.0,0.0,0.0,0.0,0.0,0.0
885.0,2.0,6830.0,0.0,12.0,12.0,24.0,0.0,1.0,0.0,0.0,0.0,0.0,0.0,0.0
886.0,-30.0,6845.0,0.0,12.0,12.0,24.0,0.0,1.0,0.0,0.0,0.0,0.0,0.0,0.0
887.0,2.0,6845.0,0.0,12.0,12.0,24.0,0.0,1.0,0.0,0.0,0.0,0.0,0.0,0.0
888.0,-30.0,6860.0,0.0,12.0,12.0,24.0,0.0,1.0,0.0,0.0,0.0,0.0,0.0,0.0
889.0,2.0,6860.0,0.0,12.0,12.0,24.0,0.0,1.0,0.0,0.0,0.0,0.0,0.0,0.0
890.0,-30.0,6875.0,0.0,12.0,12.0,24.0,0.0,1.0,0.0,0.0,0.0,0.0,0.0,0.0
891.0,2.0,6875.0,0.0,12.0,12.0,24.0,0.0,1.0,0.0,0.0,0.0,0.0,0.0,0.0
892.0,-30.0,6890.0,0.0,12.0,12.0,24.0,0.0,1.0,0.0,0.0,0.0,0.0,0.0,0.0
893.0,2.0,6890.0,0.0,12.0,12.0,24.0,0.0,1.0,0.0,0.0,0.0,0.0,0.0,0.0
894.0,-30.0,6905.0,0.0,12.0,12.0,24.0,0.0,1.0,0.0,0.0,0.0,0.0,0.0,0.0
895.0,2.0,6905.0,0.0,12.0,12.0,24.0,0.0,1.0,0.0,0.0,0.0,0.0,0.0,0.0
896.0,-30.0,6920.0,0.0,12.0,12.0,24.0,0.0,1.0,0.0,0.0,0.0,0.0,0.0,0.0
897.0,2.0,6920.0,0.0,12.0,12.0,24.0,0.0,1.0,0.0,0.0,0.0,0.0,0.0,0.0
898.0,-30.0,6935.0,0.0,12.0,12.0,24.0,0.0,1.0,0.0,0.0,0.0,0.0,0.0,0.0
899.0,2.0,6935.0,0.0,12.0,12.0,24.0,0.0,1.0,0.0,0.0,0.0,0.0,0.0,0.0
900.0,-30.0,6950.0,0.0,12.0,12.0,24.0,0.0,1.0,0.0,0.0,0.0,0.0,0.0,0.0
901.0,2.0,6950.0,0.0,12.0,12.0,24.0,0.0,1.0,0.0,0.0,0.0,0.0,0.0,0.0
902.0,-30.0,6965.0,0.0,12.0,12.0,24.0,0.0,1.0,0.0,0.0,0.0,0.0,0.0,0.0
903.0,2.0,6965.0,0.0,12.0,12.0,24.0,0.0,1.0,0.0,0.0,0.0,0.0,0.0,0.0
904.0,-30.0,6980.0,0.0,12.0,12.0,24.0,0.0,1.0,0.0,0.0,0.0,0.0,0.0,0.0
905.0,2.0,6980.0,0.0,12.0,12.0,24.0,0.0,1.0,0.0,0.0,0.0,0.0,0.0,0.0
906.0,-30.0,6995.0,0.0,12.0,12.0,24.0,0.0,1.0,0.0,0.0,0.0,0.0,0.0,0.0
907.0,2.0,6995.0,0.0,12.0,12.0,24.0,0.0,1.0,0.0,0.0,0.0,0.0,0.0,0.0
908.0,-30.0,7010.0,0.0,12.0,12.0,24.0,0.0,1.0,0.0,0.0,0.0,0.0,0.0,0.0
909.0,2.0,7010.0,0.0,12.0,12.0,24.0,0.0,1.0,0.0,0.0,0.0,0.0,0.0,0.0
910.0,-30.0,7025.0,0.0,12.0,12.0,24.0,0.0,1.0,0.0,0.0,0.0,0.0,0.0,0.0
911.0,2.0,7025.0,0.0,12.0,12.0,24.0,0.0,1.0,0.0,0.0,0.0,0.0,0.0,0.0
912.0,-30.0,7040.0,0.0,12.0,12.0,24.0,0.0,1.0,0.0,0.0,0.0,0.0,0.0,0.0
913.0,2.0,7040.0,0.0,12.0,12.0,24.0,0.0,1.0,0.0,0.0,0.0,0.0,0.0,0.0
914.0,-30.0,7055.0,0.0,12.0,12.0,24.0,0.0,1.0,0.0,0.0,0.0,0.0,0.0,0.0
915.0,2.0,7055.0,0.0,12.0,12.0,24.0,0.0,1.0,0.0,0.0,0.0,0.0,0.0,0.0
916.0,-30.0,7070.0,0.0,12.0,12.0,24.0,0.0,1.0,0.0,0.0,0.0,0.0,0.0,0.0
917.0,2.0,7070.0,0.0,12.0,12.0,24.0,0.0,1.0,0.0,0.0,0.0,0.0,0.0,0.0
918.0,-30.0,7085.0,0.0,12.0,12.0,24.0,0.0,1.0,0.0,0.0,0.0,0.0,0.0,0.0
919.0,2.0,7085.0,0.0,12.0,12.0,24.0,0.0,1.0,0.0,0.0,0.0,0.0,0.0,0.0
920.0,-30.0,7100.0,0.0,12.0,12.0,24.0,0.0,1.0,0.0,0.0,0.0,0.0,0.0,0.0
921.0,2.0,7100.0,0.0,12.0,12.0,24.0,0.0,1.0,0.0,0.0,0.0,0.0,0.0,0.0
922.0,-30.0,7115.0,0.0,12.0,12.0,24.0,0.0,1.0,0.0,0.0,0.0,0.0,0.0,0.0
923.0,2.0,7115.0,0.0,12.0,12.0,24.0,0.0,1.0,0.0,0.0,0.0,0.0,0.0,0.0
924.0,-30.0,7130.0,0.0,12.0,12.0,24.0,0.0,1.0,0.0,0.0,0.0,0.0,0.0,0.0
925.0,2.0,7130.0,0.0,12.0,12.0,24.0,0.0,1.0,0.0,0.0,0.0,0.0,0.0,0.0
926.0,-30.0,7145.0,0.0,12.0,12.0,24.0,0.0,1.0,0.0,0.0,0.0,0.0,0.0,0.0
927.0,2.0,7145.0,0.0,12.0,12.0,24.0,0.0,1.0,0.0,0.0,0.0,0.0,0.0,0.0
928.0,-30.0,7160.0,0.0,12.0,12.0,24.0,0.0,1.0,0.0,0.0,0.0,0.0,0.0,0.0
929.0,2.0,7160.0,0.0,12.0,12.0,24.0,0.0,1.0,0.0,0.0,0.0,0.0,0.0,0.0
930.0,-30.0,7175.0,0.0,12.0,12.0,24.0,0.0,1.0,0.0,0.0,0.0,0.0,0.0,0.0
931.0,2.0,7175.0,0.0,12.0,12.0,24.0,0.0,1.0,0.0,0.0,0.0,0.0,0.0,0.0
932.0,-30.0,7190.0,0.0,12.0,12.0,24.0,0.0,1.0,0.0,0.0,0.0,0.0,0.0,0.0
933.0,2.0,7190.0,0.0,12.0,12.0,24.0,0.0,1.0,0.0,0.0,0.0,0.0,0.0,0.0
934.0,-30.0,7205.0,0.0,12.0,12.0,24.0,0.0,1.0,0.0,0.0,0.0,0.0,0.0,0.0
935.0,2.0,7205.0,0.0,12.0,12.0,24.0,0.0,1.0,0.0,0.0,0.0,0.0,0.0,0.0
936.0,-30.0,7220.0,0.0,12.0,12.0,24.0,0.0,1.0,0.0,0.0,0.0,0.0,0.0,0.0
937.0,2.0,7220.0,0.0,12.0,12.0,24.0,0.0,1.0,0.0,0.0,0.0,0.0,0.0,0.0
938.0,-30.0,7235.0,0.0,12.0,12.0,24.0,0.0,1.0,0.0,0.0,0.0,0.0,0.0,0.0
939.0,2.0,7235.0,0.0,12.0,12.0,24.0,0.0,1.0,0.0,0.0,0.0,0.0,0.0,0.0
940.0,-30.0,7250.0,0.0,12.0,12.0,24.0,0.0,1.0,0.0,0.0,0.0,0.0,0.0,0.0
941.0,2.0,7250.0,0.0,12.0,12.0,24.0,0.0,1.0,0.0,0.0,0.0,0.0,0.0,0.0
942.0,-30.0,7265.0,0.0,12.0,12.0,24.0,0.0,1.0,0.0,0.0,0.0,0.0,0.0,0.0
943.0,2.0,7265.0,0.0,12.0,12.0,24.0,0.0,1.0,0.0,0.0,0.0,0.0,0.0,0.0
944.0,-30.0,7280.0,0.0,12.0,12.0,24.0,0.0,1.0,0.0,0.0,0.0,0.0,0.0,0.0
945.0,2.0,7280.0,0.0,12.0,12.0,24.0,0.0,1.0,0.0,0.0,0.0,0.0,0.0,0.0
946.0,-30.0,7295.0,0.0,12.0,12.0,24.0,0.0,1.0,0.0,0.0,0.0,0.0,0.0,0.0
947.0,2.0,7295.0,0.0,12.0,12.0,24.0,0.0,1.0,0.0,0.0,0.0,0.0,0.0,0.0
948.0,-30.0,7310.0,0.0,12.0,12.0,24.0,0.0,1.0,0.0,0.0,0.0,0.0,0.0,0.0
949.0,2.0,7310.0,0.0,12.0,12.0,24.0,0.0,1.0,0.0,0.0,0.0,0.0,0.0,0.0
950.0,-30.0,7325.0,0.0,12.0,12.0,24.0,0.0,1.0,0.0,0.0,0.0,0.0,0.0,0.0
951.0,2.0,7325.0,0.0,12.0,12.0,24.0,0.0,1.0,0.0,0.0,0.0,0.0,0.0,0.0
952.0,-30.0,7340.0,0.0,12.0,12.0,24.0,0.0,1.0,0.0,0.0,0.0,0.0,0.0,0.0
953.0,2.0,7340.0,0.0,12.0,12.0,24.0,0.0,1.0,0.0,0.0,0.0,0.0,0.0,0.0
954.0,-30.0,7355.0,0.0,12.0,12.0,24.0,0.0,1.0,0.0,0.0,0.0,0.0,0.0,0.0
955.0,2.0,7355.0,0.0,12.0,12.0,24.0,0.0,1.0,0.0,0.0,0.0,0.0,0.0,0.0
956.0,-30.0,7370.0,0.0,12.0,12.0,24.0,0.0,1.0,0.0,0.0,0.0,0.0,0.0,0.0
957.0,2.0,7370.0,0.0,12.0,12.0,24.0,0.0,1.0,0.0,0.0,0.0,0.0,0.0,0.0
958.0,-30.0,7385.0,0.0,12.0,12.0,24.0,0.0,1.0,0.0,0.0,0.0,0.0,0.0,0.0
959.0,2.0,7385.0,0.0,12.0,12.0,24.0,0.0,1.0,0.0,0.0,0.0,0.0,0.0,0.0
960.0,-30.0,7400.0,0.0,12.0,12.0,24.0,0.0,1.0,0.0,0.0,0.0,0.0,0.0,0.0
961.0,2.0,7400.0,0.0,12.0,12.0,24.0,0.0,1.0,0.0,0.0,0.0,0.0,0.0,0.0
962.0,-30.0,7415.0,0.0,12.0,12.0,24.0,0.0,1.0,0.0,0.0,0.0,0.0,0.0,0.0
963.0,2.0,7415.0,0.0,12.0,12.0,24.0,0.0,1.0,0.0,0.0,0.0,0.0,0.0,0.0
964.0,-30.0,7430.0,0.0,12.0,12.0,24.0,0.0,1.0,0.0,0.0,0.0,0.0,0.0,0.0
965.0,2.0,7430.0,0.0,12.0,12.0,24.0,0.0,1.0,0.0,0.0,0.0,0.0,0.0,0.0
966.0,-30.0,7445.0,0.0,12.0,12.0,24.0,0.0,1.0,0.0,0.0,0.0,0.0,0.0,0.0
967.0,2.0,7445.0,0.0,12.0,12.0,24.0,0.0,1.0,0.0,0.0,0.0,0.0,0.0,0.0
968.0,-30.0,7460.0,0.0,12.0,12.0,24.0,0.0,1.0,0.0,0.0,0.0,0.0,0.0,0.0
969.0,2.0,7460.0,0.0,12.0,12.0,24.0,0.0,1.0,0.0,0.0,0.0,0.0,0.0,0.0
970.0,-30.0,7475.0,0.0,12.0,12.0,24.0,0.0,1.0,0.0,0.0,0.0,0.0,0.0,0.0
971.0,2.0,7475.0,0.0,12.0,12.0,24.0,0.0,1.0,0.0,0.0,0.0,0.0,0.0,0.0
972.0,-30.0,7490.0,0.0,12.0,12.0,24.0,0.0,1.0,0.0,0.0,0.0,0.0,0.0,0.0
973.0,2.0,7490.0,0.0,12.0,12.0,24.0,0.0,1.0,0.0,0.0,0.0,0.0,0.0,0.0
974.0,-30.0,7505.0,0.0,12.0,12.0,24.0,0.0,1.0,0.0,0.0,0.0,0.0,0.0,0.0
975.0,2.0,7505.0,0.0,12.0,12.0,24.0,0.0,1.0,0.0,0.0,0.0,0.0,0.0,0.0
976.0,-30.0,7520.0,0.0,12.0,12.0,24.0,0.0,1.0,0.0,0.0,0.0,0.0,0.0,0.0
977.0,2.0,7520.0,0.0,12.0,12.0,24.0,0.0,1.0,0.0,0.0,0.0,0.0,0.0,0.0
978.0,-30.0,7535.0,0.0,12.0,12.0,24.0,0.0,1.0,0.0,0.0,0.0,0.0,0.0,0.0
979.0,2.0,7535.0,0.0,12.0,12.0,24.0,0.0,1.0,0.0,0.0,0.0,0.0,0.0,0.0
980.0,-30.0,7550.0,0.0,12.0,12.0,24.0,0.0,1.0,0.0,0.0,0.0,0.0,0.0,0.0
981.0,2.0,7550.0,0.0,12.0,12.0,24.0,0.0,1.0,0.0,0.0,0.0,0.0,0.0,0.0
982.0,-30.0,7565.0,0.0,12.0,12.0,24.0,0.0,1.0,0.0,0.0,0.0,0.0,0.0,0.0
983.0,2.0,7565.0,0.0,12.0,12.0,24.0,0.0,1.0,0.0,0.0,0.0,0.0,0.0,0.0
984.0,-30.0,7580.0,0.0,12.0,12.0,24.0,0.0,1.0,0.0,0.0,0.0,0.0,0.0,0.0
985.0,2.0,7580.0,0.0,12.0,12.0,24.0,0.0,1.0,0.0,0.0,0.0,0.0,0.0,0.0
986.0,-30.0,7595.0,0.0,12.0,12.0,24.0,0.0,1.0,0.0,0.0,0.0,0.0,0.0,0.0
987.0,2.0,7595.0,0.0,12.0,12.0,24.0,0.0,1.0,0.0,0.0,0.0,0.0,0.0,0.0
988.0,-30.0,7610.0,0.0,12.0,12.0,24.0,0.0,1.0,0.0,0.0,0.0,0.0,0.0,0.0
989.0,2.0,7610.0,0.0,12.0,12.0,24.0,0.0,1.0,0.0,0.0,0.0,0.0,0.0,0.0
990.0,-30.0,7625.0,0.0,12.0,12.0,24.0,0.0,1.0,0.0,0.0,0.0,0.0,0.0,0.0
991.0,2.0,7625.0,0.0,12.0,12.0,24.0,0.0,1.0,0.0,0.0,0.0,0.0,0.0,0.0
992.0,-30.0,7640.0,0.0,12.0,12.0,24.0,0.0,1.0,0.0,0.0,0.0,0.0,0.0,0.0
993.0,2.0,7640.0,0.0,12.0,12.0,24.0,0.0,1.0,0.0,0.0,0.0,0.0,0.0,0.0
994.0,-30.0,7655.0,0.0,12.0,12.0,24.0,0.0,1.0,0.0,0.0,0.0,0.0,0.0,0.0
995.0,2.0,7655.0,0.0,12.0,12.0,24.0,0.0,1.0,0.0,0.0,0.0,0.0,0.0,0.0
996.0,-30.0,7670.0,0.0,12.0,12.0,24.0,0.0,1.0,0.0,0.0,0.0,0.0,0.0,0.0
997.0,2.0,7670.0,0.0,12.0,12.0,24.0,0.0,1.0,0.0,0.0,0.0,0.0,0.0,0.0
998.0,-30.0,7685.0,0.0,12.0,12.0,24.0,0.0,1.0,0.0,0.0,0.0,0.0,0.0,0.0
999.0,2.0,7685.0,0.0,12.0,12.0,24.0,0.0,1.0,0.0,0.0,0.0,0.0,0.0,0.0
1000.0,-30.0,7700.0,0.0,12.0,12.0,24.0,0.0,1.0,0.0,0.0,0.0,0.0,0.0,0.0
1001.0,2.0,7700.0,0.0,12.0,12.0,24.0,0.0,1.0,0.0,0.0,0.0,0.0,0.0,0.0
1002.0,-30.0,7715.0,0.0,12.0,12.0,24.0,0.0,1.0,0.0,0.0,0.0,0.0,0.0,0.0
1003.0,2.0,7715.0,0.0,12.0,12.0,24.0,0.0,1.0,0.0,0.0,0.0,0.0,0.0,0.0
1004.0,-30.0,7730.0,0.0,12.0,12.0,24.0,0.0,1.0,0.0,0.0,0.0,0.0,0.0,0.0
1005.0,2.0,7730.0,0.0,12.0,12.0,24.0,0.0,1.0,0.0,0.0,0.0,0.0,0.0,0.0
1006.0,-30.0,7745.0,0.0,12.0,12.0,24.0,0.0,1.0,0.0,0.0,0.0,0.0,0.0,0.0
1007.0,2.0,7745.0,0.0,12.0,12.0,24.0,0.0,1.0,0.0,0.0,0.0,0.0,0.0,0.0
1008.0,-30.0,7760.0,0.0,12.0,12.0,24.0,0.0,1.0,0.0,0.0,0.0,0.0,0.0,0.0
1009.0,2.0,7760.0,0.0,12.0,12.0,24.0,0.0,1.0,0.0,0.0,0.0,0.0,0.0,0.0
1010.0,-30.0,7775.0,0.0,12.0,12.0,24.0,0.0,1.0,0.0,0.0,0.0,0.0,0.0,0.0
1011.0,2.0,7775.0,0.0,12.0,12.0,24.0,0.0,1.0,0.0,0.0,0.0,0.0,0.0,0.0
1012.0,-30.0,7790.0,0.0,12.0,12.0,24.0,0.0,1.0,0.0,0.0,0.0,0.0,0.0,0.0
1013.0,2.0,7790.0,0.0,12.0,12.0,24.0,0.0,1.0,0.0,0.0,0.0,0.0,0.0,0.0
1014.0,-30.0,7805.0,0.0,12.0,12.0,24.0,0.0,1.0,0.0,0.0,0.0,0.0,0.0,0.0
1015.0,2.0,7805.0,0.0,12.0,12.0,24.0,0.0,1.0,0.0,0.0,0.0,0.0,0.0,0.0
1016.0,-30.0,7820.0,0.0,12.0,12.0,24.0,0.0,1.0,0.0,0.0,0.0,0.0,0.0,0.0
1017.0,2.0,7820.0,0.0,12.0,12.0,24.0,0.0,1.0,0.0,0.0,0.0,0.0,0.0,0.0
1018.0,-30.0,7835.0,0.0,12.0,12.0,24.0,0.0,1.0,0.0,0.0,0.0,0.0,0.0,0.0
1019.0,2.0,7835.0,0.0,12.0,12.0,24.0,0.0,1.0,0.0,0.0,0.0,0.0,0.0,0.0
1020.0,-30.0,7850.0,0.0,12.0,12.0,24.0,0.0,1.0,0.0,0.0,0.0,0.0,0.0,0.0
1021.0,2.0,7850.0,0.0,12.0,12.0,24.0,0.0,1.0,0.0,0.0,0.0,0.0,0.0,0.0
1022.0,-30.0,7865.0,0.0,12.0,12.0,24.0,0.0,1.0,0.0,0.0,0.0,0.0,0.0,0.0
1023.0,2.0,7865.0,0.0,12.0,12.0,24.0,0.0,1.0,0.0,0.0,0.0,0.0,0.0,0.0
1024.0,-30.0,7880.0,0.0,12.0,12.0,24.0,0.0,1.0,0.0,0.0,0.0,0.0,0.0,0.0
1025.0,2.0,7880.0,0.0,12.0,12.0,24.0,0.0,1.0,0.0,0.0,0.0,0.0,0.0,0.0
1026.0,-30.0,7895.0,0.0,12.0,12.0,24.0,0.0,1.0,0.0,0.0,0.0,0.0,0.0,0.0
1027.0,2.0,7895.0,0.0,12.0,12.0,24.0,0.0,1.0,0.0,0.0,0.0,0.0,0.0,0.0
1028.0,-30.0,7910.0,0.0,12.0,12.0,24.0,0.0,1.0,0.0,0.0,0.0,0.0,0.0,0.0
1029.0,2.0,7910.0,0.0,12.0,12.0,24.0,0.0,1.0,0.0,0.0,0.0,0.0,0.0,0.0
1030.0,-30.0,7925.0,0.0,12.0,12.0,24.0,0.0,1.0,0.0,0.0,0.0,0.0,0.0,0.0
1031.0,2.0,7925.0,0.0,12.0,12.0,24.0,0.0,1.0,0.0,0.0,0.0,0.0,0.0,0.0
1032.0,-30.0,7940.0,0.0,12.0,12.0,24.0,0.0,1.0,0.0,0.0,0.0,0.0,0.0,0.0
1033.0,2.0,7940.0,0.0,12.0,12.0,24.0,0.0,1.0,0.0,0.0,0.0,0.0,0.0,0.0
1034.0,-30.0,7955.0,0.0,12.0,12.0,24.0,0.0,1.0,0.0,0.0,0.0,0.0,0.0,0.0
1035.0,2.0,7955.0,0.0,12.0,12.0,24.0,0.0,1.0,0.0,0.0,0.0,0.0,0.0,0.0
1036.0,-30.0,7970.0,0.0,12.0,12.0,24.0,0.0,1.0,0.0,0.0,0.0,0.0,0.0,0.0
1037.0,2.0,7970.0,0.0,12.0,12.0,24.0,0.0,1.0,0.0,0.0,0.0,0.0,0.0,0.0
1038.0,-30.0,7985.0,0.0,12.0,12.0,24.0,0.0,1.0,0.0,0.0,0.0,0.0,0.0,0.0
1039.0,2.0,7985.0,0.0,12.0,12.0,24.0,0.0,1.0,0.0,0.0,0.0,0.0,0.0,0.0
1040.0,-30.0,8000.0,0.0,12.0,12.0,24.0,0.0,1.0,0.0,0.0,0.0,0.0,0.0,0.0
1041.0,2.0,8000.0,0.0,12.0,12.0,24.0,0.0,1.0,0.0,0.0,0.0,0.0,0.0,0.0
1042.0,-30.0,8015.0,0.0,12.0,12.0,24.0,0.0,1.0,0.0,0.0,0.0,0.0,0.0,0.0
1043.0,2.0,8015.0,0.0,12.0,12.0,24.0,0.0,1.0,0.0,0.0,0.0,0.0,0.0,0.0
1044.0,-30.0,8030.0,0.0,12.0,12.0,24.0,0.0,1.0,0.0,0.0,0.0,0.0,0.0,0.0
1045.0,2.0,8030.0,0.0,12.0,12.0,24.0,0.0,1.0,0.0,0.0,0.0,0.0,0.0,0.0
1046.0,-30.0,8045.0,0.0,12.0,12.0,24.0,0.0,1.0,0.0,0.0,0.0,0.0,0.0,0.0
1047.0,2.0,8045.0,0.0,12.0,12.0,24.0,0.0,1.0,0.0,0.0,0.0,0.0,0.0,0.0
1048.0,-30.0,8060.0,0.0,12.0,12.0,24.0,0.0,1.0,0.0,0.0,0.0,0.0,0.0,0.0
1049.0,2.0,8060.0,0.0,12.0,12.0,24.0,0.0,1.0,0.0,0.0,0.0,0.0,0.0,0.0
1050.0,-30.0,8075.0,0.0,12.0,12.0,24.0,0.0,1.0,0.0,0.0,0.0,0.0,0.0,0.0
1051.0,2.0,8075.0,0.0,12.0,12.0,24.0,0.0,1.0,0.0,0.0,0.0,0.0,0.0,0.0
1052.0,-30.0,8090.0,0.0,12.0,12.0,24.0,0.0,1.0,0.0,0.0,0.0,0.0,0.0,0.0
1053.0,2.0,8090.0,0.0,12.0,12.0,24.0,0.0,1.0,0.0,0.0,0.0,0.0,0.0,0.0
1054.0,-30.0,8105.0,0.0,12.0,12.0,24.0,0.0,1.0,0.0,0.0,0.0,0.0,0.0,0.0
1055.0,2.0,8105.0,0.0,12.0,12.0,24.0,0.0,1.0,0.0,0.0,0.0,0.0,0.0,0.0
1056.0,-30.0,8120.0,0.0,12.0,12.0,24.0,0.0,1.0,0.0,0.0,0.0,0.0,0.0,0.0
1057.0,2.0,8120.0,0.0,12.0,12.0,24.0,0.0,1.0,0.0,0.0,0.0,0.0,0.0,0.0
1058.0,-30.0,8135.0,0.0,12.0,12.0,24.0,0.0,1.0,0.0,0.0,0.0,0.0,0.0,0.0
1059.0,2.0,8135.0,0.0,12.0,12.0,24.0,0.0,1.0,0.0,0.0,0.0,0.0,0.0,0.0
1060.0,-30.0,8150.0,0.0,12.0,12.0,24.0,0.0,1.0,0.0,0.0,0.0,0.0,0.0,0.0
1061.0,2.0,8150.0,0.0,12.0,12.0,24.0,0.0,1.0,0.0,0.0,0.0,0.0,0.0,0.0
1062.0,-30.0,8165.0,0.0,12.0,12.0,24.0,0.0,1.0,0.0,0.0,0.0,0.0,0.0,0.0
1063.0,2.0,8165.0,0.0,12.0,12.0,24.0,0.0,1.0,0.0,0.0,0.0,0.0,0.0,0.0
1064.0,-30.0,8180.0,0.0,12.0,12.0,24.0,0.0,1.0,0.0,0.0,0.0,0.0,0.0,0.0
1065.0,2.0,8180.0,0.0,12.0,12.0,24.0,0.0,1.0,0.0,0.0,0.0,0.0,0.0,0.0
1066.0,-30.0,8195.0,0.0,12.0,12.0,24.0,0.0,1.0,0.0,0.0,0.0,0.0,0.0,0.0
1067.0,2.0,8195.0,0.0,12.0,12.0,24.0,0.0,1.0,0.0,0.0,0.0,0.0,0.0,0.0
1068.0,-30.0,8210.0,0.0,12.0,12.0,24.0,0.0,1.0,0.0,0.0,0.0,0.0,0.0,0.0
1069.0,2.0,8210.0,0.0,12.0,12.0,24.0,0.0,1.0,0.0,0.0,0.0,0.0,0.0,0.0
1070.0,-30.0,8225.0,0.0,12.0,12.0,24.0,0.0,1.0,0.0,0.0,0.0,0.0,0.0,0.0
1071.0,2.0,8225.0,0.0,12.0,12.0,24.0,0.0,1.0,0.0,0.0,0.0,0.0,0.0,0.0
1072.0,-30.0,8240.0,0.0,12.0,12.0,24.0,0.0,1.0,0.0,0.0,0.0,0.0,0.0,0.0
1073.0,2.0,8240.0,0.0,12.0,12.0,24.0,0.0,1.0,0.0,0.0,0.0,0.0,0.0,0.0
1074.0,-30.0,8255.0,0.0,12.0,12.0,24.0,0.0,1.0,0.0,0.0,0.0,0.0,0.0,0.0
1075.0,2.0,8255.0,0.0,12.0,12.0,24.0,0.0,1.0,0.0,0.0,0.0,0.0,0.0,0.0
1076.0,-30.0,8270.0,0.0,12.0,12.0,24.0,0.0,1.0,0.0,0.0,0.0,0.0,0.0,0.0
1077.0,2.0,8270.0,0.0,12.0,12.0,24.0,0.0,1.0,0.0,0.0,0.0,0.0,0.0,0.0
1078.0,-30.0,8285.0,0.0,12.0,12.0,24.0,0.0,1.0,0.0,0.0,0.0,0.0,0.0,0.0
1079.0,2.0,8285.0,0.0,12.0,12.0,24.0,0.0,1.0,0.0,0.0,0.0,0.0,0.0,0.0
1080.0,-30.0,8300.0,0.0,12.0,12.0,24.0,0.0,1.0,0.0,0.0,0.0,0.0,0.0,0.0
1081.0,2.0,8300.0,0.0,12.0,12.0,24.0,0.0,1.0,0.0,0.0,0.0,0.0,0.0,0.0
1082.0,-30.0,8315.0,0.0,12.0,12.0,24.0,0.0,1.0,0.0,0.0,0.0,0.0,0.0,0.0
1083.0,2.0,8315.0,0.0,12.0,12.0,24.0,0.0,1.0,0.0,0.0,0.0,0.0,0.0,0.0
1084.0,-30.0,8330.0,0.0,12.0,12.0,24.0,0.0,1.0,0.0,0.0,0.0,0.0,0.0,0.0
1085.0,2.0,8330.0,0.0,12.0,12.0,24.0,0.0,1.0,0.0,0.0,0.0,0.0,0.0,0.0
1086.0,-30.0,8345.0,0.0,12.0,12.0,24.0,0.0,1.0,0.0,0.0,0.0,0.0,0.0,0.0
1087.0,2.0,8345.0,0.0,12.0,12.0,24.0,0.0,1.0,0.0,0.0,0.0,0.0,0.0,0.0
1088.0,-30.0,8360.0,0.0,12.0,12.0,24.0,0.0,1.0,0.0,0.0,0.0,0.0,0.0,0.0
1089.0,2.0,8360.0,0.0,12.0,12.0,24.0,0.0,1.0,0.0,0.0,0.0,0.0,0.0,0.0
1090.0,-30.0,8375.0,0.0,12.0,12.0,24.0,0.0,1.0,0.0,0.0,0.0,0.0,0.0,0.0
1091.0,2.0,8375.0,0.0,12.0,12.0,24.0,0.0,1.0,0.0,0.0,0.0,0.0,0.0,0.0
1092.0,-30.0,8390.0,0.0,12.0,12.0,24.0,0.0,1.0,0.0,0.0,0.0,0.0,0.0,0.0
1093.0,2.0,8390.0,0.0,12.0,12.0,24.0,0.0,1.0,0.0,0.0,0.0,0.0,0.0,0.0
1094.0,-30.0,8405.0,0.0,12.0,12.0,24.0,0.0,1.0,0.0,0.0,0.0,0.0,0.0,0.0
1095.0,2.0,8405.0,0.0,12.0,12.0,24.0,0.0,1.0,0.0,0.0,0.0,0.0,0.0,0.0
1096.0,-30.0,8420.0,0.0,12.0,12.0,24.0,0.0,1.0,0.0,0.0,0.0,0.0,0.0,0.0
1097.0,2.0,8420.0,0.0,12.0,12.0,24.0,0.0,1.0,0.0,0.0,0.0,0.0,0.0,0.0
1098.0,-30.0,8435.0,0.0,12.0,12.0,24.0,0.0,1.0,0.0,0.0,0.0,0.0,0.0,0.0
1099.0,2.0,8435.0,0.0,12.0,12.0,24.0,0.0,1.0,0.0,0.0,0.0,0.0,0.0,0.0
1100.0,-30.0,8450.0,0.0,12.0,12.0,24.0,0.0,1.0,0.0,0.0,0.0,0.0,0.0,0.0
1101.0,2.0,8450.0,0.0,12.0,12.0,24.0,0.0,1.0,0.0,0.0,0.0,0.0,0.0,0.0
1102.0,-30.0,8465.0,0.0,12.0,12.0,24.0,0.0,1.0,0.0,0.0,0.0,0.0,0.0,0.0
1103.0,2.0,8465.0,0.0,12.0,12.0,24.0,0.0,1.0,0.0,0.0,0.0,0.0,0.0,0.0
1104.0,-30.0,8480.0,0.0,12.0,12.0,24.0,0.0,1.0,0.0,0.0,0.0,0.0,0.0,0.0
1105.0,2.0,8480.0,0.0,12.0,12.0,24.0,0.0,1.0,0.0,0.0,0.0,0.0,0.0,0.0
1106.0,-30.0,8495.0,0.0,12.0,12.0,24.0,0.0,1.0,0.0,0.0,0.0,0.0,0.0,0.0
1107.0,2.0,8495.0,0.0,12.0,12.0,24.0,0.0,1.0,0.0,0.0,0.0,0.0,0.0,0.0
1108.0,-30.0,8510.0,0.0,12.0,12.0,24.0,0.0,1.0,0.0,0.0,0.0,0.0,0.0,0.0
1109.0,2.0,8510.0,0.0,12.0,12.0,24.0,0.0,1.0,0.0,0.0,0.0,0.0,0.0,0.0
1110.0,-30.0,8525.0,0.0,12.0,12.0,24.0,0.0,1.0,0.0,0.0,0.0,0.0,0.0,0.0
1111.0,2.0,8525.0,0.0,12.0,12.0,24.0,0.0,1.0,0.0,0.0,0.0,0.0,0.0,0.0
1112.0,-30.0,8540.0,0.0,12.0,12.0,24.0,0.0,1.0,0.0,0.0,0.0,0.0,0.0,0.0
1113.0,2.0,8540.0,0.0,12.0,12.0,24.0,0.0,1.0,0.0,0.0,0.0,0.0,0.0,0.0
1114.0,-30.0,8555.0,0.0,12.0,12.0,24.0,0.0,1.0,0.0,0.0,0.0,0.0,0.0,0.0
1115.0,2.0,8555.0,0.0,12.0,12.0,24.0,0.0,1.0,0.0,0.0,0.0,0.0,0.0,0.0
1116.0,-30.0,8570.0,0.0,12.0,12.0,24.0,0.0,1.0,0.0,0.0,0.0,0.0,0.0,0.0
1117.0,2.0,8570.0,0.0,12.0,12.0,24.0,0.0,1.0,0.0,0.0,0.0,0.0,0.0,0.0
1118.0,-30.0,8585.0,0.0,12.0,12.0,24.0,0.0,1.0,0.0,0.0,0.0,0.0,0.0,0.0
1119.0,2.0,8585.0,0.0,12.0,12.0,24.0,0.0,1.0,0.0,0.0,0.0,0.0,0.0,0.0
1120.0,-30.0,8600.0,0.0,12.0,12.0,24.0,0.0,1.0,0.0,0.0,0.0,0.0,0.0,0.0
1121.0,2.0,8600.0,0.0,12.0,12.0,24.0,0.0,1.0,0.0,0.0,0.0,0.0,0.0,0.0
1122.0,-30.0,8615.0,0.0,12.0,12.0,24.0,0.0,1.0,0.0,0.0,0.0,0.0,0.0,0.0
1123.0,2.0,8615.0,0.0,12.0,12.0,24.0,0.0,1.0,0.0,0.0,0.0,0.0,0.0,0.0
1124.0,-30.0,8630.0,0.0,12.0,12.0,24.0,0.0,1.0,0.0,0.0,0.0,0.0,0.0,0.0
1125.0,2.0,8630.0,0.0,12.0,12.0,24.0,0.0,1.0,0.0,0.0,0.0,0.0,0.0,0.0
1126.0,-30.0,8645.0,0.0,12.0,12.0,24.0,0.0,1.0,0.0,0.0,0.0,0.0,0.0,0.0
1127.0,2.0,8645.0,0.0,12.0,12.0,24.0,0.0,1.0,0.0,0.0,0.0,0.0,0.0,0.0
1128.0,-30.0,8660.0,0.0,12.0,12.0,24.0,0.0,1.0,0.0,0.0,0.0,0.0,0.0,0.0
1129.0,2.0,8660.0,0.0,12.0,12.0,24.0,0.0,1.0,0.0,0.0,0.0,0.0,0.0,0.0
1130.0,-30.0,8675.0,0.0,12.0,12.0,24.0,0.0,1.0,0.0,0.0,0.0,0.0,0.0,0.0
1131.0,2.0,8675.0,0.0,12.0,12.0,24.0,0.0,1.0,0.0,0.0,0.0,0.0,0.0,0.0
1132.0,-30.0,8690.0,0.0,12.0,12.0,24.0,0.0,1.0,0.0,0.0,0.0,0.0,0.0,0.0
1133.0,2.0,8690.0,0.0,12.0,12.0,24.0,0.0,1.0,0.0,0.0,0.0,0.0,0.0,0.0
1134.0,-30.0,8705.0,0.0,12.0,12.0,24.0,0.0,1.0,0.0,0.0,0.0,0.0,0.0,0.0
1135.0,2.0,8705.0,0.0,12.0,12.0,24.0,0.0,1.0,0.0,0.0,0.0,0.0,0.0,0.0
1136.0,-30.0,8720.0,0.0,12.0,12.0,24.0,0.0,1.0,0.0,0.0,0.0,0.0,0.0,0.0
1137.0,2.0,8720.0,0.0,12.0,12.0,24.0,0.0,1.0,0.0,0.0,0.0,0.0,0.0,0.0
1138.0,-30.0,8735.0,0.0,12.0,12.0,24.0,0.0,1.0,0.0,0.0,0.0,0.0,0.0,0.0
1139.0,2.0,8735.0,0.0,12.0,12.0,24.0,0.0,1.0,0.0,0.0,0.0,0.0,0.0,0.0
1140.0,-30.0,8750.0,0.0,12.0,12.0,24.0,0.0,1.0,0.0,0.0,0.0,0.0,0.0,0.0
1141.0,2.0,8750.0,0.0,12.0,12.0,24.0,0.0,1.0,0.0,0.0,0.0,0.0,0.0,0.0
1142.0,-30.0,8765.0,0.0,12.0,12.0,24.0,0.0,1.0,0.0,0.0,0.0,0.0,0.0,0.0
1143.0,2.0,8765.0,0.0,12.0,12.0,24.0,0.0,1.0,0.0,0.0,0.0,0.0,0.0,0.0
1144.0,-30.0,8780.0,0.0,12.0,12.0,24.0,0.0,1.0,0.0,0.0,0.0,0.0,0.0,0.0
1145.0,2.0,8780.0,0.0,12.0,12.0,24.0,0.0,1.0,0.0,0.0,0.0,0.0,0.0,0.0
1146.0,-30.0,8795.0,0.0,12.0,12.0,24.0,0.0,1.0,0.0,0.0,0.0,0.0,0.0,0.0
1147.0,2.0,8795.0,0.0,12.0,12.0,24.0,0.0,1.0,0.0,0.0,0.0,0.0,0.0,0.0
1148.0,-30.0,8810.0,0.0,12.0,12.0,24.0,0.0,1.0,0.0,0.0,0.0,0.0,0.0,0.0
1149.0,2.0,8810.0,0.0,12.0,12.0,24.0,0.0,1.0,0.0,0.0,0.0,0.0,0.0,0.0
1150.0,-30.0,8825.0,0.0,12.0,12.0,24.0,0.0,1.0,0.0,0.0,0.0,0.0,0.0,0.0
1151.0,2.0,8825.0,0.0,12.0,12.0,24.0,0.0,1.0,0.0,0.0,0.0,0.0,0.0,0.0
1152.0,-30.0,8840.0,0.0,12.0,12.0,24.0,0.0,1.0,0.0,0.0,0.0,0.0,0.0,0.0
1153.0,2.0,8840.0,0.0,12.0,12.0,24.0,0.0,1.0,0.0,0.0,0.0,0.0,0.0,0.0
1154.0,-30.0,8855.0,0.0,12.0,12.0,24.0,0.0,1.0,0.0,0.0,0.0,0.0,0.0,0.0
1155.0,2.0,8855.0,0.0,12.0,12.0,24.0,0.0,1.0,0.0,0.0,0.0,0.0,0.0,0.0
1156.0,-30.0,8870.0,0.0,12.0,12.0,24.0,0.0,1.0,0.0,0.0,0.0,0.0,0.0,0.0
1157.0,2.0,8870.0,0.0,12.0,12.0,24.0,0.0,1.0,0.0,0.0,0.0,0.0,0.0,0.0
1158.0,-30.0,8885.0,0.0,12.0,12.0,24.0,0.0,1.0,0.0,0.0,0.0,0.0,0.0,0.0
1159.0,2.0,8885.0,0.0,12.0,12.0,24.0,0.0,1.0,0.0,0.0,0.0,0.0,0.0,0.0
1160.0,-30.0,8900.0,0.0,12.0,12.0,24.0,0.0,1.0,0.0,0.0,0.0,0.0,0.0,0.0
1161.0,2.0,8900.0,0.0,12.0,12.0,24.0,0.0,1.0,0.0,0.0,0.0,0.0,0.0,0.0
1162.0,-30.0,8915.0,0.0,12.0,12.0,24.0,0.0,1.0,0.0,0.0,0.0,0.0,0.0,0.0
1163.0,2.0,8915.0,0.0,12.0,12.0,24.0,0.0,1.0,0.0,0.0,0.0,0.0,0.0,0.0
1164.0,-30.0,8930.0,0.0,12.0,12.0,24.0,0.0,1.0,0.0,0.0,0.0,0.0,0.0,0.0
1165.0,2.0,8930.0,0.0,12.0,12.0,24.0,0.0,1.0,0.0,0.0,0.0,0.0,0.0,0.0
1166.0,-30.0,8945.0,0.0,12.0,12.0,24.0,0.0,1.0,0.0,0.0,0.0,0.0,0.0,0.0
1167.0,2.0,8945.0,0.0,12.0,12.0,24.0,0.0,1.0,0.0,0.0,0.0,0.0,0.0,0.0
1168.0,-30.0,8960.0,0.0,12.0,12.0,24.0,0.0,1.0,0.0,0.0,0.0,0.0,0.0,0.0
1169.0,2.0,8960.0,0.0,12.0,12.0,24.0,0.0,1.0,0.0,0.0,0.0,0.0,0.0,0.0
1170.0,-30.0,8975.0,0.0,12.0,12.0,24.0,0.0,1.0,0.0,0.0,0.0,0.0,0.0,0.0
1171.0,2.0,8975.0,0.0,12.0,12.0,24.0,0.0,1.0,0.0,0.0,0.0,0.0,0.0,0.0
1172.0,-30.0,8990.0,0.0,12.0,12.0,24.0,0.0,1.0,0.0,0.0,0.0,0.0,0.0,0.0
1173.0,2.0,8990.0,0.0,12.0,12.0,24.0,0.0,1.0,0.0,0.0,0.0,0.0,0.0,0.0
1174.0,-30.0,9005.0,0.0,12.0,12.0,24.0,0.0,1.0,0.0,0.0,0.0,0.0,0.0,0.0
1175.0,2.0,9005.0,0.0,12.0,12.0,24.0,0.0,1.0,0.0,0.0,0.0,0.0,0.0,0.0
1176.0,-30.0,9020.0,0.0,12.0,12.0,24.0,0.0,1.0,0.0,0.0,0.0,0.0,0.0,0.0
1177.0,2.0,9020.0,0.0,12.0,12.0,24.0,0.0,1.0,0.0,0.0,0.0,0.0,0.0,0.0
1178.0,-30.0,9035.0,0.0,12.0,12.0,24.0,0.0,1.0,0.0,0.0,0.0,0.0,0.0,0.0
1179.0,2.0,9035.0,0.0,12.0,12.0,24.0,0.0,1.0,0.0,0.0,0.0,0.0,0.0,0.0
1180.0,-30.0,9050.0,0.0,12.0,12.0,24.0,0.0,1.0,0.0,0.0,0.0,0.0,0.0,0.0
1181.0,2.0,9050.0,0.0,12.0,12.0,24.0,0.0,1.0,0.0,0.0,0.0,0.0,0.0,0.0
1182.0,-30.0,9065.0,0.0,12.0,12.0,24.0,0.0,1.0,0.0,0.0,0.0,0.0,0.0,0.0
1183.0,2.0,9065.0,0.0,12.0,12.0,24.0,0.0,1.0,0.0,0.0,0.0,0.0,0.0,0.0
1184.0,-30.0,9080.0,0.0,12.0,12.0,24.0,0.0,1.0,0.0,0.0,0.0,0.0,0.0,0.0
1185.0,2.0,9080.0,0.0,12.0,12.0,24.0,0.0,1.0,0.0,0.0,0.0,0.0,0.0,0.0
1186.0,-30.0,9095.0,0.0,12.0,12.0,24.0,0.0,1.0,0.0,0.0,0.0,0.0,0.0,0.0
1187.0,2.0,9095.0,0.0,12.0,12.0,24.0,0.0,1.0,0.0,0.0,0.0,0.0,0.0,0.0
1188.0,-30.0,9110.0,0.0,12.0,12.0,24.0,0.0,1.0,0.0,0.0,0.0,0.0,0.0,0.0
1189.0,2.0,9110.0,0.0,12.0,12.0,24.0,0.0,1.0,0.0,0.0,0.0,0.0,0.0,0.0
1190.0,-30.0,9125.0,0.0,12.0,12.0,24.0,0.0,1.0,0.0,0.0,0.0,0.0,0.0,0.0
1191.0,2.0,9125.0,0.0,12.0,12.0,24.0,0.0,1.0,0.0,0.0,0.0,0.0,0.0,0.0
1192.0,-30.0,9140.0,0.0,12.0,12.0,24.0,0.0,1.0,0.0,0.0,0.0,0.0,0.0,0.0
1193.0,2.0,9140.0,0.0,12.0,12.0,24.0,0.0,1.0,0.0,0.0,0.0,0.0,0.0,0.0
1194.0,-30.0,9155.0,0.0,12.0,12.0,24.0,0.0,1.0,0.0,0.0,0.0,0.0,0.0,0.0
1195.0,2.0,9155.0,0.0,12.0,12.0,24.0,0.0,1.0,0.0,0.0,0.0,0.0,0.0,0.0
1196.0,-30.0,9170.0,0.0,12.0,12.0,24.0,0.0,1.0,0.0,0.0,0.0,0.0,0.0,0.0
1197.0,2.0,9170.0,0.0,12.0,12.0,24.0,0.0,1.0,0.0,0.0,0.0,0.0,0.0,0.0
1198.0,-30.0,9185.0,0.0,12.0,12.0,24.0,0.0,1.0,0.0,0.0,0.0,0.0,0.0,0.0
1199.0,2.0,9185.0,0.0,12.0,12.0,24.0,0.0,1.0,0.0,0.0,0.0,0.0,0.0,0.0
1200.0,-30.0,9200.0,0.0,12.0,12.0,24.0,0.0,1.0,0.0,0.0,0.0,0.0,0.0,0.0
1201.0,2.0,9200.0,0.0,12.0,12.0,24.0,0.0,1.0,0.0,0.0,0.0,0.0,0.0,0.0
1202.0,-30.0,9215.0,0.0,12.0,12.0,24.0,0.0,1.0,0.0,0.0,0.0,0.0,0.0,0.0
1203.0,2.0,9215.0,0.0,12.0,12.0,24.0,0.0,1.0,0.0,0.0,0.0,0.0,0.0,0.0
1204.0,-30.0,9230.0,0.0,12.0,12.0,24.0,0.0,1.0,0.0,0.0,0.0,0.0,0.0,0.0
1205.0,2.0,9230.0,0.0,12.0,12.0,24.0,0.0,1.0,0.0,0.0,0.0,0.0,0.0,0.0
1206.0,-30.0,9245.0,0.0,12.0,12.0,24.0,0.0,1.0,0.0,0.0,0.0,0.0,0.0,0.0
1207.0,2.0,9245.0,0.0,12.0,12.0,24.0,0.0,1.0,0.0,0.0,0.0,0.0,0.0,0.0
1208.0,-30.0,9260.0,0.0,12.0,12.0,24.0,0.0,1.0,0.0,0.0,0.0,0.0,0.0,0.0
1209.0,2.0,9260.0,0.0,12.0,12.0,24.0,0.0,1.0,0.0,0.0,0.0,0.0,0.0,0.0
1210.0,-30.0,9275.0,0.0,12.0,12.0,24.0,0.0,1.0,0.0,0.0,0.0,0.0,0.0,0.0
1211.0,2.0,9275.0,0.0,12.0,12.0,24.0,0.0,1.0,0.0,0.0,0.0,0.0,0.0,0.0
1212.0,-30.0,9290.0,0.0,12.0,12.0,24.0,0.0,1.0,0.0,0.0,0.0,0.0,0.0,0.0
1213.0,2.0,9290.0,0.0,12.0,12.0,24.0,0.0,1.0,0.0,0.0,0.0,0.0,0.0,0.0
1214.0,-30.0,9305.0,0.0,12.0,12.0,24.0,0.0,1.0,0.0,0.0,0.0,0.0,0.0,0.0
1215.0,2.0,9305.0,0.0,12.0,12.0,24.0,0.0,1.0,0.0,0.0,0.0,0.0,0.0,0.0
1216.0,-30.0,9320.0,0.0,12.0,12.0,24.0,0.0,1.0,0.0,0.0,0.0,0.0,0.0,0.0
1217.0,2.0,9320.0,0.0,12.0,12.0,24.0,0.0,1.0,0.0,0.0,0.0,0.0,0.0,0.0
1218.0,-30.0,9335.0,0.0,12.0,12.0,24.0,0.0,1.0,0.0,0.0,0.0,0.0,0.0,0.0
1219.0,2.0,9335.0,0.0,12.0,12.0,24.0,0.0,1.0,0.0,0.0,0.0,0.0,0.0,0.0
1220.0,-30.0,9350.0,0.0,12.0,12.0,24.0,0.0,1.0,0.0,0.0,0.0,0.0,0.0,0.0
1221.0,2.0,9350.0,0.0,12.0,12.0,24.0,0.0,1.0,0.0,0.0,0.0,0.0,0.0,0.0
1222.0,-30.0,9365.0,0.0,12.0,12.0,24.0,0.0,1.0,0.0,0.0,0.0,0.0,0.0,0.0
1223.0,2.0,9365.0,0.0,12.0,12.0,24.0,0.0,1.0,0.0,0.0,0.0,0.0,0.0,0.0
1224.0,-30.0,9380.0,0.0,12.0,12.0,24.0,0.0,1.0,0.0,0.0,0.0,0.0,0.0,0.0
1225.0,2.0,9380.0,0.0,12.0,12.0,24.0,0.0,1.0,0.0,0.0,0.0,0.0,0.0,0.0
1226.0,-30.0,9395.0,0.0,12.0,12.0,24.0,0.0,1.0,0.0,0.0,0.0,0.0,0.0,0.0
1227.0,2.0,9395.0,0.0,12.0,12.0,24.0,0.0,1.0,0.0,0.0,0.0,0.0,0.0,0.0
1228.0,-30.0,9410.0,0.0,12.0,12.0,24.0,0.0,1.0,0.0,0.0,0.0,0.0,0.0,0.0
1229.0,2.0,9410.0,0.0,12.0,12.0,24.0,0.0,1.0,0.0,0.0,0.0,0.0,0.0,0.0
1230.0,-30.0,9425.0,0.0,12.0,12.0,24.0,0.0,1.0,0.0,0.0,0.0,0.0,0.0,0.0
1231.0,2.0,9425.0,0.0,12.0,12.0,24.0,0.0,1.0,0.0,0.0,0.0,0.0,0.0,0.0
1232.0,-30.0,9440.0,0.0,12.0,12.0,24.0,0.0,1.0,0.0,0.0,0.0,0.0,0.0,0.0
1233.0,2.0,9440.0,0.0,12.0,12.0,24.0,0.0,1.0,0.0,0.0,0.0,0.0,0.0,0.0
1234.0,-30.0,9455.0,0.0,12.0,12.0,24.0,0.0,1.0,0.0,0.0,0.0,0.0,0.0,0.0
1235.0,2.0,9455.0,0.0,12.0,12.0,24.0,0.0,1.0,0.0,0.0,0.0,0.0,0.0,0.0
1236.0,-30.0,9470.0,0.0,12.0,12.0,24.0,0.0,1.0,0.0,0.0,0.0,0.0,0.0,0.0
1237.0,2.0,9470.0,0.0,12.0,12.0,24.0,0.0,1.0,0.0,0.0,0.0,0.0,0.0,0.0
1238.0,-30.0,9485.0,0.0,12.0,12.0,24.0,0.0,1.0,0.0,0.0,0.0,0.0,0.0,0.0
1239.0,2.0,9485.0,0.0,12.0,12.0,24.0,0.0,1.0,0.0,0.0,0.0,0.0,0.0,0.0
1240.0,-30.0,9500.0,0.0,12.0,12.0,24.0,0.0,1.0,0.0,0.0,0.0,0.0,0.0,0.0
1241.0,2.0,9500.0,0.0,12.0,12.0,24.0,0.0,1.0,0.0,0.0,0.0,0.0,0.0,0.0
1242.0,-30.0,9515.0,0.0,12.0,12.0,24.0,0.0,1.0,0.0,0.0,0.0,0.0,0.0,0.0
1243.0,2.0,9515.0,0.0,12.0,12.0,24.0,0.0,1.0,0.0,0.0,0.0,0.0,0.0,0.0
1244.0,-30.0,9530.0,0.0,12.0,12.0,24.0,0.0,1.0,0.0,0.0,0.0,0.0,0.0,0.0
1245.0,2.0,9530.0,0.0,12.0,12.0,24.0,0.0,1.0,0.0,0.0,0.0,0.0,0.0,0.0
1246.0,-30.0,9545.0,0.0,12.0,12.0,24.0,0.0,1.0,0.0,0.0,0.0,0.0,0.0,0.0
1247.0,2.0,9545.0,0.0,12.0,12.0,24.0,0.0,1.0,0.0,0.0,0.0,0.0,0.0,0.0
1248.0,-30.0,9560.0,0.0,12.0,12.0,24.0,0.0,1.0,0.0,0.0,0.0,0.0,0.0,0.0
1249.0,2.0,9560.0,0.0,12.0,12.0,24.0,0.0,1.0,0.0,0.0,0.0,0.0,0.0,0.0
1250.0,-30.0,9575.0,0.0,12.0,12.0,24.0,0.0,1.0,0.0,0.0,0.0,0.0,0.0,0.0
1251.0,2.0,9575.0,0.0,12.0,12.0,24.0,0.0,1.0,0.0,0.0,0.0,0.0,0.0,0.0
1252.0,-30.0,9590.0,0.0,12.0,12.0,24.0,0.0,1.0,0.0,0.0,0.0,0.0,0.0,0.0
1253.0,2.0,9590.0,0.0,12.0,12.0,24.0,0.0,1.0,0.0,0.0,0.0,0.0,0.0,0.0
1254.0,-30.0,9605.0,0.0,12.0,12.0,24.0,0.0,1.0,0.0,0.0,0.0,0.0,0.0,0.0
1255.0,2.0,9605.0,0.0,12.0,12.0,24.0,0.0,1.0,0.0,0.0,0.0,0.0,0.0,0.0
1256.0,-30.0,9620.0,0.0,12.0,12.0,24.0,0.0,1.0,0.0,0.0,0.0,0.0,0.0,0.0
1257.0,2.0,9620.0,0.0,12.0,12.0,24.0,0.0,1.0,0.0,0.0,0.0,0.0,0.0,0.0
1258.0,-30.0,9635.0,0.0,12.0,12.0,24.0,0.0,1.0,0.0,0.0,0.0,0.0,0.0,0.0
1259.0,2.0,9635.0,0.0,12.0,12.0,24.0,0.0,1.0,0.0,0.0,0.0,0.0,0.0,0.0
1260.0,-30.0,9650.0,0.0,12.0,12.0,24.0,0.0,1.0,0.0,0.0,0.0,0.0,0.0,0.0
1261.0,2.0,9650.0,0.0,12.0,12.0,24.0,0.0,1.0,0.0,0.0,0.0,0.0,0.0,0.0
1262.0,-30.0,9665.0,0.0,12.0,12.0,24.0,0.0,1.0,0.0,0.0,0.0,0.0,0.0,0.0
1263.0,2.0,9665.0,0.0,12.0,12.0,24.0,0.0,1.0,0.0,0.0,0.0,0.0,0.0,0.0
1264.0,-30.0,9680.0,0.0,12.0,12.0,24.0,0.0,1.0,0.0,0.0,0.0,0.0,0.0,0.0
1265.0,2.0,9680.0,0.0,12.0,12.0,24.0,0.0,1.0,0.0,0.0,0.0,0.0,0.0,0.0
1266.0,-30.0,9695.0,0.0,12.0,12.0,24.0,0.0,1.0,0.0,0.0,0.0,0.0,0.0,0.0
1267.0,2.0,9695.0,0.0,12.0,12.0,24.0,0.0,1.0,0.0,0.0,0.0,0.0,0.0,0.0
1268.0,-30.0,9710.0,0.0,12.0,12.0,24.0,0.0,1.0,0.0,0.0,0.0,0.0,0.0,0.0
1269.0,2.0,9710.0,0.0,12.0,12.0,24.0,0.0,1.0,0.0,0.0,0.0,0.0,0.0,0.0
1270.0,-30.0,9725.0,0.0,12.0,12.0,24.0,0.0,1.0,0.0,0.0,0.0,0.0,0.0,0.0
1271.0,2.0,9725.0,0.0,12.0,12.0,24.0,0.0,1.0,0.0,0.0,0.0,0.0,0.0,0.0
1272.0,-30.0,9740.0,0.0,12.0,12.0,24.0,0.0,1.0,0.0,0.0,0.0,0.0,0.0,0.0
1273.0,2.0,9740.0,0.0,12.0,12.0,24.0,0.0,1.0,0.0,0.0,0.0,0.0,0.0,0.0
1274.0,-30.0,9755.0,0.0,12.0,12.0,24.0,0.0,1.0,0.0,0.0,0.0,0.0,0.0,0.0
1275.0,2.0,9755.0,0.0,12.0,12.0,24.0,0.0,1.0,0.0,0.0,0.0,0.0,0.0,0.0
1276.0,-30.0,9770.0,0.0,12.0,12.0,24.0,0.0,1.0,0.0,0.0,0.0,0.0,0.0,0.0
1277.0,2.0,9770.0,0.0,12.0,12.0,24.0,0.0,1.0,0.0,0.0,0.0,0.0,0.0,0.0
1278.0,-30.0,9785.0,0.0,12.0,12.0,24.0,0.0,1.0,0.0,0.0,0.0,0.0,0.0,0.0
1279.0,2.0,9785.0,0.0,12.0,12.0,24.0,0.0,1.0,0.0,0.0,0.0,0.0,0.0,0.0
