electrode,x,y,z,w,h,d,default,all,bank0,double_length
0,-30,200,0,12,12,24,1,1,1,0
1,2,200,0,12,12,24,1,1,1,1
2,-30,215,0,12,12,24,1,1,1,0
3,2,215,0,12,12,24,1,1,1,1
4,-30,230,0,12,12,24,1,1,1,0
5,2,230,0,12,12,24,1,1,1,1
6,-30,245,0,12,12,24,1,1,1,0
7,2,245,0,12,12,24,1,1,1,1
8,-30,260,0,12,12,24,1,1,1,0
9,2,260,0,12,12,24,1,1,1,1
10,-30,275,0,12,12,24,1,1,1,0
11,2,275,0,12,12,24,1,1,1,1
12,-30,290,0,12,12,24,1,1,1,0
13,2,290,0,12,12,24,1,1,1,1
14,-30,305,0,12,12,24,1,1,1,0
15,2,305,0,12,12,24,1,1,1,1
16,-30,320,0,12,12,24,1,1,1,0
17,2,320,0,12,12,24,1,1,1,1
18,-30,335,0,12,12,24,1,1,1,0
19,2,335,0,12,12,24,1,1,1,1
20,-30,350,0,12,12,24,1,1,1,0
21,2,350,0,12,12,24,1,1,1,1
22,-30,365,0,12,12,24,1,1,1,0
23,2,365,0,12,12,24,1,1,1,1
24,-30,380,0,12,12,24,1,1,1,0
25,2,380,0,12,12,24,1,1,1,1
26,-30,395,0,12,12,24,1,1,1,0
27,2,395,0,12,12,24,1,1,1,1
28,-30,410,0,12,12,24,1,1,1,0
29,2,410,0,12,12,24,1,1,1,1
30,-30,425,0,12,12,24,1,1,1,0
31,2,425,0,12,12,24,1,1,1,1
32,-30,440,0,12,12,24,1,1,1,0
33,2,440,0,12,12,24,1,1,1,1
34,-30,455,0,12,12,24,1,1,1,0
35,2,455,0,12,12,24,1,1,1,1
36,-30,470,0,12,12,24,1,1,1,0
37,2,470,0,12,12,24,1,1,1,1
38,-30,485,0,12,12,24,1,1,1,0
39,2,485,0,12,12,24,1,1,1,1
40,-30,500,0,12,12,24,1,1,1,0
41,2,500,0,12,12,24,1,1,1,1
42,-30,515,0,12,12,24,1,1,1,0
43,2,515,0,12,12,24,1,1,1,1
44,-30,530,0,12,12,24,1,1,1,0
45,2,530,0,12,12,24,1,1,1,1
46,-30,545,0,12,12,24,1,1,1,0
47,2,545,0,12,12,24,1,1,1,1
48,-30,560,0,12,12,24,1,1,1,0
49,2,560,0,12,12,24,1,1,1,1
50,-30,575,0,12,12,24,1,1,1,0
51,2,575,0,12,12,24,1,1,1,1
52,-30,590,0,12,12,24,1,1,1,0
53,2,590,0,12,12,24,1,1,1,1
54,-30,605,0,12,12,24,1,1,1,0
55,2,605,0,12,12,24,1,1,1,1
56,-30,620,0,12,12,24,1,1,1,0
57,2,620,0,12,12,24,1,1,1,1
58,-30,635,0,12,12,24,1,1,1,0
59,2,635,0,12,12,24,1,1,1,1
60,-30,650,0,12,12,24,1,1,1,0
61,2,650,0,12,12,24,1,1,1,1
62,-30,665,0,12,12,24,1,1,1,0
63,2,665,0,12,12,24,1,1,1,1
64,-30,680,0,12,12,24,1,1,1,0
65,2,680,0,12,12,24,1,1,1,1
66,-30,695,0,12,12,24,1,1,1,0
67,2,695,0,12,12,24,1,1,1,1
68,-30,710,0,12,12,24,1,1,1,0
69,2,710,0,12,12,24,1,1,1,1
70,-30,725,0,12,12,24,1,1,1,0
71,2,725,0,12,12,24,1,1,1,1
72,-30,740,0,12,12,24,1,1,1,0
73,2,740,0,12,12,24,1,1,1,1
74,-30,755,0,12,12,24,1,1,1,0
75,2,755,0,12,12,24,1,1,1,1
76,-30,770,0,12,12,24,1,1,1,0
77,2,770,0,12,12,24,1,1,1,1
78,-30,785,0,12,12,24,1,1,1,0
79,2,785,0,12,12,24,1,1,1,1
80,-30,800,0,12,12,24,1,1,1,0
81,2,800,0,12,12,24,1,1,1,1
82,-30,815,0,12,12,24,1,1,1,0
83,2,815,0,12,12,24,1,1,1,1
84,-30,830,0,12,12,24,1,1,1,0
85,2,830,0,12,12,24,1,1,1,1
86,-30,845,0,12,12,24,1,1,1,0
87,2,845,0,12,12,24,1,1,1,1
88,-30,860,0,12,12,24,1,1,1,0
89,2,860,0,12,12,24,1,1,1,1
90,-30,875,0,12,12,24,1,1,1,0
91,2,875,0,12,12,24,1,1,1,1
92,-30,890,0,12,12,24,1,1,1,0
93,2,890,0,12,12,24,1,1,1,1
94,-30,905,0,12,12,24,1,1,1,0
95,2,905,0,12,12,24,1,1,1,1
96,-30,920,0,12,12,24,1,1,1,0
97,2,920,0,12,12,24,1,1,1,1
98,-30,935,0,12,12,24,1,1,1,0
99,2,935,0,12,12,24,1,1,1,1
100,-30,950,0,12,12,24,1,1,1,0
101,2,950,0,12,12,24,1,1,1,1
102,-30,965,0,12,12,24,1,1,1,0
103,2,965,0,12,12,24,1,1,1,1
104,-30,980,0,12,12,24,1,1,1,0
105,2,980,0,12,12,24,1,1,1,1
106,-30,995,0,12,12,24,1,1,1,0
107,2,995,0,12,12,24,1,1,1,1
108,-30,1010,0,12,12,24,1,1,1,0
109,2,1010,0,12,12,24,1,1,1,1
110,-30,1025,0,12,12,24,1,1,1,0
111,2,1025,0,12,12,24,1,1,1,1
112,-30,1040,0,12,12,24,1,1,1,0
113,2,1040,0,12,12,24,1,1,1,1
114,-30,1055,0,12,12,24,1,1,1,0
115,2,1055,0,12,12,24,1,1,1,1
116,-30,1070,0,12,12,24,1,1,1,0
117,2,1070,0,12,12,24,1,1,1,1
118,-30,1085,0,12,12,24,1,1,1,0
119,2,1085,0,12,12,24,1,1,1,1
120,-30,1100,0,12,12,24,1,1,1,0
121,2,1100,0,12,12,24,1,1,1,1
122,-30,1115,0,12,12,24,1,1,1,0
123,2,1115,0,12,12,24,1,1,1,1
124,-30,1130,0,12,12,24,1,1,1,0
125,2,1130,0,12,12,24,1,1,1,1
126,-30,1145,0,12,12,24,1,1,1,0
127,2,1145,0,12,12,24,1,1,1,1
128,-30,1160,0,12,12,24,1,1,1,0
129,2,1160,0,12,12,24,1,1,1,1
130,-30,1175,0,12,12,24,1,1,1,0
131,2,1175,0,12,12,24,1,1,1,1
132,-30,1190,0,12,12,24,1,1,1,0
133,2,1190,0,12,12,24,1,1,1,1
134,-30,1205,0,12,12,24,1,1,1,0
135,2,1205,0,12,12,24,1,1,1,1
136,-30,1220,0,12,12,24,1,1,1,0
137,2,1220,0,12,12,24,1,1,1,1
138,-30,1235,0,12,12,24,1,1,1,0
139,2,1235,0,12,12,24,1,1,1,1
140,-30,1250,0,12,12,24,1,1,1,0
141,2,1250,0,12,12,24,1,1,1,1
142,-30,1265,0,12,12,24,1,1,1,0
143,2,1265,0,12,12,24,1,1,1,1
144,-30,1280,0,12,12,24,1,1,1,0
145,2,1280,0,12,12,24,1,1,1,1
146,-30,1295,0,12,12,24,1,1,1,0
147,2,1295,0,12,12,24,1,1,1,1
148,-30,1310,0,12,12,24,1,1,1,0
149,2,1310,0,12,12,24,1,1,1,1
150,-30,1325,0,12,12,24,1,1,1,0
151,2,1325,0,12,12,24,1,1,1,1
152,-30,1340,0,12,12,24,1,1,1,0
153,2,1340,0,12,12,24,1,1,1,1
154,-30,1355,0,12,12,24,1,1,1,0
155,2,1355,0,12,12,24,1,1,1,1
156,-30,1370,0,12,12,24,1,1,1,0
157,2,1370,0,12,12,24,1,1,1,1
158,-30,1385,0,12,12,24,1,1,1,0
159,2,1385,0,12,12,24,1,1,1,1
160,-30,1400,0,12,12,24,1,1,1,0
161,2,1400,0,12,12,24,1,1,1,1
162,-30,1415,0,12,12,24,1,1,1,0
163,2,1415,0,12,12,24,1,1,1,1
164,-30,1430,0,12,12,24,1,1,1,0
165,2,1430,0,12,12,24,1,1,1,1
166,-30,1445,0,12,12,24,1,1,1,0
167,2,1445,0,12,12,24,1,1,1,1
168,-30,1460,0,12,12,24,1,1,1,0
169,2,1460,0,12,12,24,1,1,1,1
170,-30,1475,0,12,12,24,1,1,1,0
171,2,1475,0,12,12,24,1,1,1,1
172,-30,1490,0,12,12,24,1,1,1,0
173,2,1490,0,12,12,24,1,1,1,1
174,-30,1505,0,12,12,24,1,1,1,0
175,2,1505,0,12,12,24,1,1,1,1
176,-30,1520,0,12,12,24,1,1,1,0
177,2,1520,0,12,12,24,1,1,1,1
178,-30,1535,0,12,12,24,1,1,1,0
179,2,1535,0,12,12,24,1,1,1,1
180,-30,1550,0,12,12,24,1,1,1,0
181,2,1550,0,12,12,24,1,1,1,1
182,-30,1565,0,12,12,24,1,1,1,0
183,2,1565,0,12,12,24,1,1,1,1
184,-30,1580,0,12,12,24,1,1,1,0
185,2,1580,0,12,12,24,1,1,1,1
186,-30,1595,0,12,12,24,1,1,1,0
187,2,1595,0,12,12,24,1,1,1,1
188,-30,1610,0,12,12,24,1,1,1,0
189,2,1610,0,12,12,24,1,1,1,1
190,-30,1625,0,12,12,24,1,1,1,0
191,2,1625,0,12,12,24,1,1,1,1
192,-30,1640,0,12,12,24,1,1,1,0
193,2,1640,0,12,12,24,1,1,1,1
194,-30,1655,0,12,12,24,1,1,1,0
195,2,1655,0,12,12,24,1,1,1,1
196,-30,1670,0,12,12,24,1,1,1,0
197,2,1670,0,12,12,24,1,1,1,1
198,-30,1685,0,12,12,24,1,1,1,0
199,2,1685,0,12,12,24,1,1,1,1
200,-30,1700,0,12,12,24,1,1,1,0
201,2,1700,0,12,12,24,1,1,1,1
202,-30,1715,0,12,12,24,1,1,1,0
203,2,1715,0,12,12,24,1,1,1,1
204,-30,1730,0,12,12,24,1,1,1,0
205,2,1730,0,12,12,24,1,1,1,1
206,-30,1745,0,12,12,24,1,1,1,0
207,2,1745,0,12,12,24,1,1,1,1
208,-30,1760,0,12,12,24,1,1,1,0
209,2,1760,0,12,12,24,1,1,1,1
210,-30,1775,0,12,12,24,1,1,1,0
211,2,1775,0,12,12,24,1,1,1,1
212,-30,1790,0,12,12,24,1,1,1,0
213,2,1790,0,12,12,24,1,1,1,1
214,-30,1805,0,12,12,24,1,1,1,0
215,2,1805,0,12,12,24,1,1,1,1
216,-30,1820,0,12,12,24,1,1,1,0
217,2,1820,0,12,12,24,1,1,1,1
218,-30,1835,0,12,12,24,1,1,1,0
219,2,1835,0,12,12,24,1,1,1,1
220,-30,1850,0,12,12,24,1,1,1,0
221,2,1850,0,12,12,24,1,1,1,1
222,-30,1865,0,12,12,24,1,1,1,0
223,2,1865,0,12,12,24,1,1,1,1
224,-30,1880,0,12,12,24,1,1,1,0
225,2,1880,0,12,12,24,1,1,1,1
226,-30,1895,0,12,12,24,1,1,1,0
227,2,1895,0,12,12,24,1,1,1,1
228,-30,1910,0,12,12,24,1,1,1,0
229,2,1910,0,12,12,24,1,1,1,1
230,-30,1925,0,12,12,24,1,1,1,0
231,2,1925,0,12,12,24,1,1,1,1
232,-30,1940,0,12,12,24,1,1,1,0
233,2,1940,0,12,12,24,1,1,1,1
234,-30,1955,0,12,12,24,1,1,1,0
235,2,1955,0,12,12,24,1,1,1,1
236,-30,1970,0,12,12,24,1,1,1,0
237,2,1970,0,12,12,24,1,1,1,1
238,-30,1985,0,12,12,24,1,1,1,0
239,2,1985,0,12,12,24,1,1,1,1
240,-30,2000,0,12,12,24,1,1,1,0
241,2,2000,0,12,12,24,1,1,1,1
242,-30,2015,0,12,12,24,1,1,1,0
243,2,2015,0,12,12,24,1,1,1,1
244,-30,2030,0,12,12,24,1,1,1,0
245,2,2030,0,12,12,24,1,1,1,1
246,-30,2045,0,12,12,24,1,1,1,0
247,2,2045,0,12,12,24,1,1,1,1
248,-30,2060,0,12,12,24,1,1,1,0
249,2,2060,0,12,12,24,1,1,1,1
250,-30,2075,0,12,12,24,1,1,1,0
251,2,2075,0,12,12,24,1,1,1,1
252,-30,2090,0,12,12,24,1,1,1,0
253,2,2090,0,12,12,24,1,1,1,1
254,-30,2105,0,12,12,24,1,1,1,0
255,2,2105,0,12,12,24,1,1,1,1
256,-30,2120,0,12,12,24,1,1,1,0
257,2,2120,0,12,12,24,1,1,1,1
258,-30,2135,0,12,12,24,1,1,1,0
259,2,2135,0,12,12,24,1,1,1,1
260,-30,2150,0,12,12,24,1,1,1,0
261,2,2150,0,12,12,24,1,1,1,1
262,-30,2165,0,12,12,24,1,1,1,0
263,2,2165,0,12,12,24,1,1,1,1
264,-30,2180,0,12,12,24,1,1,1,0
265,2,2180,0,12,12,24,1,1,1,1
266,-30,2195,0,12,12,24,1,1,1,0
267,2,2195,0,12,12,24,1,1,1,1
268,-30,2210,0,12,12,24,1,1,1,0
269,2,2210,0,12,12,24,1,1,1,1
270,-30,2225,0,12,12,24,1,1,1,0
271,2,2225,0,12,12,24,1,1,1,1
272,-30,2240,0,12,12,24,1,1,1,0
273,2,2240,0,12,12,24,1,1,1,1
274,-30,2255,0,12,12,24,1,1,1,0
275,2,2255,0,12,12,24,1,1,1,1
276,-30,2270,0,12,12,24,1,1,1,0
277,2,2270,0,12,12,24,1,1,1,1
278,-30,2285,0,12,12,24,1,1,1,0
279,2,2285,0,12,12,24,1,1,1,1
280,-30,2300,0,12,12,24,1,1,1,0
281,2,2300,0,12,12,24,1,1,1,1
282,-30,2315,0,12,12,24,1,1,1,0
283,2,2315,0,12,12,24,1,1,1,1
284,-30,2330,0,12,12,24,1,1,1,0
285,2,2330,0,12,12,24,1,1,1,1
286,-30,2345,0,12,12,24,1,1,1,0
287,2,2345,0,12,12,24,1,1,1,1
288,-30,2360,0,12,12,24,1,1,1,0
289,2,2360,0,12,12,24,1,1,1,1
290,-30,2375,0,12,12,24,1,1,1,0
291,2,2375,0,12,12,24,1,1,1,1
292,-30,2390,0,12,12,24,1,1,1,0
293,2,2390,0,12,12,24,1,1,1,1
294,-30,2405,0,12,12,24,1,1,1,0
295,2,2405,0,12,12,24,1,1,1,1
296,-30,2420,0,12,12,24,1,1,1,0
297,2,2420,0,12,12,24,1,1,1,1
298,-30,2435,0,12,12,24,1,1,1,0
299,2,2435,0,12,12,24,1,1,1,1
300,-30,2450,0,12,12,24,1,1,1,0
301,2,2450,0,12,12,24,1,1,1,1
302,-30,2465,0,12,12,24,1,1,1,0
303,2,2465,0,12,12,24,1,1,1,1
304,-30,2480,0,12,12,24,1,1,1,0
305,2,2480,0,12,12,24,1,1,1,1
306,-30,2495,0,12,12,24,1,1,1,0
307,2,2495,0,12,12,24,1,1,1,1
308,-30,2510,0,12,12,24,1,1,1,0
309,2,2510,0,12,12,24,1,1,1,1
310,-30,2525,0,12,12,24,1,1,1,0
311,2,2525,0,12,12,24,1,1,1,1
312,-30,2540,0,12,12,24,1,1,1,0
313,2,2540,0,12,12,24,1,1,1,1
314,-30,2555,0,12,12,24,1,1,1,0
315,2,2555,0,12,12,24,1,1,1,1
316,-30,2570,0,12,12,24,1,1,1,0
317,2,2570,0,12,12,24,1,1,1,1
318,-30,2585,0,12,12,24,1,1,1,0
319,2,2585,0,12,12,24,1,1,1,1
320,-30,2600,0,12,12,24,1,1,1,0
321,2,2600,0,12,12,24,1,1,1,1
322,-30,2615,0,12,12,24,1,1,1,0
323,2,2615,0,12,12,24,1,1,1,1
324,-30,2630,0,12,12,24,1,1,1,0
325,2,2630,0,12,12,24,1,1,1,1
326,-30,2645,0,12,12,24,1,1,1,0
327,2,2645,0,12,12,24,1,1,1,1
328,-30,2660,0,12,12,24,1,1,1,0
329,2,2660,0,12,12,24,1,1,1,1
330,-30,2675,0,12,12,24,1,1,1,0
331,2,2675,0,12,12,24,1,1,1,1
332,-30,2690,0,12,12,24,1,1,1,0
333,2,2690,0,12,12,24,1,1,1,1
334,-30,2705,0,12,12,24,1,1,1,0
335,2,2705,0,12,12,24,1,1,1,1
336,-30,2720,0,12,12,24,1,1,1,0
337,2,2720,0,12,12,24,1,1,1,1
338,-30,2735,0,12,12,24,1,1,1,0
339,2,2735,0,12,12,24,1,1,1,1
340,-30,2750,0,12,12,24,1,1,1,0
341,2,2750,0,12,12,24,1,1,1,1
342,-30,2765,0,12,12,24,1,1,1,0
343,2,2765,0,12,12,24,1,1,1,1
344,-30,2780,0,12,12,24,1,1,1,0
345,2,2780,0,12,12,24,1,1,1,1
346,-30,2795,0,12,12,24,1,1,1,0
347,2,2795,0,12,12,24,1,1,1,1
348,-30,2810,0,12,12,24,1,1,1,0
349,2,2810,0,12,12,24,1,1,1,1
350,-30,2825,0,12,12,24,1,1,1,0
351,2,2825,0,12,12,24,1,1,1,1
352,-30,2840,0,12,12,24,1,1,1,0
353,2,2840,0,12,12,24,1,1,1,1
354,-30,2855,0,12,12,24,1,1,1,0
355,2,2855,0,12,12,24,1,1,1,1
356,-30,2870,0,12,12,24,1,1,1,0
357,2,2870,0,12,12,24,1,1,1,1
358,-30,2885,0,12,12,24,1,1,1,0
359,2,2885,0,12,12,24,1,1,1,1
360,-30,2900,0,12,12,24,1,1,1,0
361,2,2900,0,12,12,24,1,1,1,1
362,-30,2915,0,12,12,24,1,1,1,0
363,2,2915,0,12,12,24,1,1,1,1
364,-30,2930,0,12,12,24,1,1,1,0
365,2,2930,0,12,12,24,1,1,1,1
366,-30,2945,0,12,12,24,1,1,1,0
367,2,2945,0,12,12,24,1,1,1,1
368,-30,2960,0,12,12,24,1,1,1,0
369,2,2960,0,12,12,24,1,1,1,1
370,-30,2975,0,12,12,24,1,1,1,0
371,2,2975,0,12,12,24,1,1,1,1
372,-30,2990,0,12,12,24,1,1,1,0
373,2,2990,0,12,12,24,1,1,1,1
374,-30,3005,0,12,12,24,1,1,1,0
375,2,3005,0,12,12,24,1,1,1,1
376,-30,3020,0,12,12,24,1,1,1,0
377,2,3020,0,12,12,24,1,1,1,1
378,-30,3035,0,12,12,24,1,1,1,0
379,2,3035,0,12,12,24,1,1,1,1
380,-30,3050,0,12,12,24,1,1,1,0
381,2,3050,0,12,12,24,1,1,1,1
382,-30,3065,0,12,12,24,1,1,1,0
383,2,3065,0,12,12,24,1,1,1,1
384,-30,3080,0,12,12,24,0,1,0,1
385,2,3080,0,12,12,24,0,1,0,0
386,-30,3095,0,12,12,24,0,1,0,1
387,2,3095,0,12,12,24,0,1,0,0
388,-30,3110,0,12,12,24,0,1,0,1
389,2,3110,0,12,12,24,0,1,0,0
390,-30,3125,0,12,12,24,0,1,0,1
391,2,3125,0,12,12,24,0,1,0,0
392,-30,3140,0,12,12,24,0,1,0,1
393,2,3140,0,12,12,24,0,1,0,0
394,-30,3155,0,12,12,24,0,1,0,1
395,2,3155,0,12,12,24,0,1,0,0
396,-30,3170,0,12,12,24,0,1,0,1
397,2,3170,0,12,12,24,0,1,0,0
398,-30,3185,0,12,12,24,0,1,0,1
399,2,3185,0,12,12,24,0,1,0,0
400,-30,3200,0,12,12,24,0,1,0,1
401,2,3200,0,12,12,24,0,1,0,0
402,-30,3215,0,12,12,24,0,1,0,1
403,2,3215,0,12,12,24,0,1,0,0
404,-30,3230,0,12,12,24,0,1,0,1
405,2,3230,0,12,12,24,0,1,0,0
406,-30,3245,0,12,12,24,0,1,0,1
407,2,3245,0,12,12,24,0,1,0,0
408,-30,3260,0,12,12,24,0,1,0,1
409,2,3260,0,12,12,24,0,1,0,0
410,-30,3275,0,12,12,24,0,1,0,1
411,2,3275,0,12,12,24,0,1,0,0
412,-30,3290,0,12,12,24,0,1,0,1
413,2,3290,0,12,12,24,0,1,0,0
414,-30,3305,0,12,12,24,0,1,0,1
415,2,3305,0,12,12,24,0,1,0,0
416,-30,3320,0,12,12,24,0,1,0,1
417,2,3320,0,12,12,24,0,1,0,0
418,-30,3335,0,12,12,24,0,1,0,1
419,2,3335,0,12,12,24,0,1,0,0
420,-30,3350,0,12,12,24,0,1,0,1
421,2,3350,0,12,12,24,0,1,0,0
422,-30,3365,0,12,12,24,0,1,0,1
423,2,3365,0,12,12,24,0,1,0,0
424,-30,3380,0,12,12,24,0,1,0,1
425,2,3380,0,12,12,24,0,1,0,0
426,-30,3395,0,12,12,24,0,1,0,1
427,2,3395,0,12,12,24,0,1,0,0
428,-30,3410,0,12,12,24,0,1,0,1
429,2,3410,0,12,12,24,0,1,0,0
430,-30,3425,0,12,12,24,0,1,0,1
431,2,3425,0,12,12,24,0,1,0,0
432,-30,3440,0,12,12,24,0,1,0,1
433,2,3440,0,12,12,24,0,1,0,0
434,-30,3455,0,12,12,24,0,1,0,1
435,2,3455,0,12,12,24,0,1,0,0
436,-30,3470,0,12,12,24,0,1,0,1
437,2,3470,0,12,12,24,0,1,0,0
438,-30,3485,0,12,12,24,0,1,0,1
439,2,3485,0,12,12,24,0,1,0,0
440,-30,3500,0,12,12,24,0,1,0,1
441,2,3500,0,12,12,24,0,1,0,0
442,-30,3515,0,12,12,24,0,1,0,1
443,2,3515,0,12,12,24,0,1,0,0
444,-30,3530,0,12,12,24,0,1,0,1
445,2,3530,0,12,12,24,0,1,0,0
446,-30,3545,0,12,12,24,0,1,0,1
447,2,3545,0,12,12,24,0,1,0,0
448,-30,3560,0,12,12,24,0,1,0,1
449,2,3560,0,12,12,24,0,1,0,0
450,-30,3575,0,12,12,24,0,1,0,1
451,2,3575,0,12,12,24,0,1,0,0
452,-30,3590,0,12,12,24,0,1,0,1
453,2,3590,0,12,12,24,0,1,0,0
454,-30,3605,0,12,12,24,0,1,0,1
455,2,3605,0,12,12,24,0,1,0,0
456,-30,3620,0,12,12,24,0,1,0,1
457,2,3620,0,12,12,24,0,1,0,0
458,-30,3635,0,12,12,24,0,1,0,1
459,2,3635,0,12,12,24,0,1,0,0
460,-30,3650,0,12,12,24,0,1,0,1
461,2,3650,0,12,12,24,0,1,0,0
462,-30,3665,0,12,12,24,0,1,0,1
463,2,3665,0,12,12,24,0,1,0,0
464,-30,3680,0,12,12,24,0,1,0,1
465,2,3680,0,12,12,24,0,1,0,0
466,-30,3695,0,12,12,24,0,1,0,1
467,2,3695,0,12,12,24,0,1,0,0
468,-30,3710,0,12,12,24,0,1,0,1
469,2,3710,0,12,12,24,0,1,0,0
470,-30,3725,0,12,12,24,0,1,0,1
471,2,3725,0,12,12,24,0,1,0,0
472,-30,3740,0,12,12,24,0,1,0,1
473,2,3740,0,12,12,24,0,1,0,0
474,-30,3755,0,12,12,24,0,1,0,1
475,2,3755,0,12,12,24,0,1,0,0
476,-30,3770,0,12,12,24,0,1,0,1
477,2,3770,0,12,12,24,0,1,0,0
478,-30,3785,0,12,12,24,0,1,0,1
479,2,3785,0,12,12,24,0,1,0,0
480,-30,3800,0,12,12,24,0,1,0,1
481,2,3800,0,12,12,24,0,1,0,0
482,-30,3815,0,12,12,24,0,1,0,1
483,2,3815,0,12,12,24,0,1,0,0
484,-30,3830,0,12,12,24,0,1,0,1
485,2,3830,0,12,12,24,0,1,0,0
486,-30,3845,0,12,12,24,0,1,0,1
487,2,3845,0,12,12,24,0,1,0,0
488,-30,3860,0,12,12,24,0,1,0,1
489,2,3860,0,12,12,24,0,1,0,0
490,-30,3875,0,12,12,24,0,1,0,1
491,2,3875,0,12,12,24,0,1,0,0
492,-30,3890,0,12,12,24,0,1,0,1
493,2,3890,0,12,12,24,0,1,0,0
494,-30,3905,0,12,12,24,0,1,0,1
495,2,3905,0,12,12,24,0,1,0,0
496,-30,3920,0,12,12,24,0,1,0,1
497,2,3920,0,12,12,24,0,1,0,0
498,-30,3935,0,12,12,24,0,1,0,1
499,2,3935,0,12,12,24,0,1,0,0
500,-30,3950,0,12,12,24,0,1,0,1
501,2,3950,0,12,12,24,0,1,0,0
502,-30,3965,0,12,12,24,0,1,0,1
503,2,3965,0,12,12,24,0,1,0,0
504,-30,3980,0,12,12,24,0,1,0,1
505,2,3980,0,12,12,24,0,1,0,0
506,-30,3995,0,12,12,24,0,1,0,1
507,2,3995,0,12,12,24,0,1,0,0
508,-30,4010,0,12,12,24,0,1,0,1
509,2,4010,0,12,12,24,0,1,0,0
510,-30,4025,0,12,12,24,0,1,0,1
511,2,4025,0,12,12,24,0,1,0,0
512,-30,4040,0,12,12,24,0,1,0,1
513,2,4040,0,12,12,24,0,1,0,0
514,-30,4055,0,12,12,24,0,1,0,1
515,2,4055,0,12,12,24,0,1,0,0
516,-30,4070,0,12,12,24,0,1,0,1
517,2,4070,0,12,12,24,0,1,0,0
518,-30,4085,0,12,12,24,0,1,0,1
519,2,4085,0,12,12,24,0,1,0,0
520,-30,4100,0,12,12,24,0,1,0,1
521,2,4100,0,12,12,24,0,1,0,0
522,-30,4115,0,12,12,24,0,1,0,1
523,2,4115,0,12,12,24,0,1,0,0
524,-30,4130,0,12,12,24,0,1,0,1
525,2,4130,0,12,12,24,0,1,0,0
526,-30,4145,0,12,12,24,0,1,0,1
527,2,4145,0,12,12,24,0,1,0,0
528,-30,4160,0,12,12,24,0,1,0,1
529,2,4160,0,12,12,24,0,1,0,0
530,-30,4175,0,12,12,24,0,1,0,1
531,2,4175,0,12,12,24,0,1,0,0
532,-30,4190,0,12,12,24,0,1,0,1
533,2,4190,0,12,12,24,0,1,0,0
534,-30,4205,0,12,12,24,0,1,0,1
535,2,4205,0,12,12,24,0,1,0,0
536,-30,4220,0,12,12,24,0,1,0,1
537,2,4220,0,12,12,24,0,1,0,0
538,-30,4235,0,12,12,24,0,1,0,1
539,2,4235,0,12,12,24,0,1,0,0
540,-30,4250,0,12,12,24,0,1,0,1
541,2,4250,0,12,12,24,0,1,0,0
542,-30,4265,0,12,12,24,0,1,0,1
543,2,4265,0,12,12,24,0,1,0,0
544,-30,4280,0,12,12,24,0,1,0,1
545,2,4280,0,12,12,24,0,1,0,0
546,-30,4295,0,12,12,24,0,1,0,1
547,2,4295,0,12,12,24,0,1,0,0
548,-30,4310,0,12,12,24,0,1,0,1
549,2,4310,0,12,12,24,0,1,0,0
550,-30,4325,0,12,12,24,0,1,0,1
551,2,4325,0,12,12,24,0,1,0,0
552,-30,4340,0,12,12,24,0,1,0,1
553,2,4340,0,12,12,24,0,1,0,0
554,-30,4355,0,12,12,24,0,1,0,1
555,2,4355,0,12,12,24,0,1,0,0
556,-30,4370,0,12,12,24,0,1,0,1
557,2,4370,0,12,12,24,0,1,0,0
558,-30,4385,0,12,12,24,0,1,0,1
559,2,4385,0,12,12,24,0,1,0,0
560,-30,4400,0,12,12,24,0,1,0,1
561,2,4400,0,12,12,24,0,1,0,0
562,-30,4415,0,12,12,24,0,1,0,1
563,2,4415,0,12,12,24,0,1,0,0
564,-30,4430,0,12,12,24,0,1,0,1
565,2,4430,0,12,12,24,0,1,0,0
566,-30,4445,0,12,12,24,0,1,0,1
567,2,4445,0,12,12,24,0,1,0,0
568,-30,4460,0,12,12,24,0,1,0,1
569,2,4460,0,12,12,24,0,1,0,0
570,-30,4475,0,12,12,24,0,1,0,1
571,2,4475,0,12,12,24,0,1,0,0
572,-30,4490,0,12,12,24,0,1,0,1
573,2,4490,0,12,12,24,0,1,0,0
574,-30,4505,0,12,12,24,0,1,0,1
575,2,4505,0,12,12,24,0,1,0,0
576,-30,4520,0,12,12,24,0,1,0,1
577,2,4520,0,12,12,24,0,1,0,0
578,-30,4535,0,12,12,24,0,1,0,1
579,2,4535,0,12,12,24,0,1,0,0
580,-30,4550,0,12,12,24,0,1,0,1
581,2,4550,0,12,12,24,0,1,0,0
582,-30,4565,0,12,12,24,0,1,0,1
583,2,4565,0,12,12,24,0,1,0,0
584,-30,4580,0,12,12,24,0,1,0,1
585,2,4580,0,12,12,24,0,1,0,0
586,-30,4595,0,12,12,24,0,1,0,1
587,2,4595,0,12,12,24,0,1,0,0
588,-30,4610,0,12,12,24,0,1,0,1
589,2,4610,0,12,12,24,0,1,0,0
590,-30,4625,0,12,12,24,0,1,0,1
591,2,4625,0,12,12,24,0,1,0,0
592,-30,4640,0,12,12,24,0,1,0,1
593,2,4640,0,12,12,24,0,1,0,0
594,-30,4655,0,12,12,24,0,1,0,1
595,2,4655,0,12,12,24,0,1,0,0
596,-30,4670,0,12,12,24,0,1,0,1
597,2,4670,0,12,12,24,0,1,0,0
598,-30,4685,0,12,12,24,0,1,0,1
599,2,4685,0,12,12,24,0,1,0,0
600,-30,4700,0,12,12,24,0,1,0,1
601,2,4700,0,12,12,24,0,1,0,0
602,-30,4715,0,12,12,24,0,1,0,1
603,2,4715,0,12,12,24,0,1,0,0
604,-30,4730,0,12,12,24,0,1,0,1
605,2,4730,0,12,12,24,0,1,0,0
606,-30,4745,0,12,12,24,0,1,0,1
607,2,4745,0,12,12,24,0,1,0,0
608,-30,4760,0,12,12,24,0,1,0,1
609,2,4760,0,12,12,24,0,1,0,0
610,-30,4775,0,12,12,24,0,1,0,1
611,2,4775,0,12,12,24,0,1,0,0
612,-30,4790,0,12,12,24,0,1,0,1
613,2,4790,0,12,12,24,0,1,0,0
614,-30,4805,0,12,12,24,0,1,0,1
615,2,4805,0,12,12,24,0,1,0,0
616,-30,4820,0,12,12,24,0,1,0,1
617,2,4820,0,12,12,24,0,1,0,0
618,-30,4835,0,12,12,24,0,1,0,1
619,2,4835,0,12,12,24,0,1,0,0
620,-30,4850,0,12,12,24,0,1,0,1
621,2,4850,0,12,12,24,0,1,0,0
622,-30,4865,0,12,12,24,0,1,0,1
623,2,4865,0,12,12,24,0,1,0,0
624,-30,4880,0,12,12,24,0,1,0,1
625,2,4880,0,12,12,24,0,1,0,0
626,-30,4895,0,12,12,24,0,1,0,1
627,2,4895,0,12,12,24,0,1,0,0
628,-30,4910,0,12,12,24,0,1,0,1
629,2,4910,0,12,12,24,0,1,0,0
630,-30,4925,0,12,12,24,0,1,0,1
631,2,4925,0,12,12,24,0,1,0,0
632,-30,4940,0,12,12,24,0,1,0,1
633,2,4940,0,12,12,24,0,1,0,0
634,-30,4955,0,12,12,24,0,1,0,1
635,2,4955,0,12,12,24,0,1,0,0
636,-30,4970,0,12,12,24,0,1,0,1
637,2,4970,0,12,12,24,0,1,0,0
638,-30,4985,0,12,12,24,0,1,0,1
639,2,4985,0,12,12,24,0,1,0,0
640,-30,5000,0,12,12,24,0,1,0,1
641,2,5000,0,12,12,24,0,1,0,0
642,-30,5015,0,12,12,24,0,1,0,1
643,2,5015,0,12,12,24,0,1,0,0
644,-30,5030,0,12,12,24,0,1,0,1
645,2,5030,0,12,12,24,0,1,0,0
646,-30,5045,0,12,12,24,0,1,0,1
647,2,5045,0,12,12,24,0,1,0,0
648,-30,5060,0,12,12,24,0,1,0,1
649,2,5060,0,12,12,24,0,1,0,0
650,-30,5075,0,12,12,24,0,1,0,1
651,2,5075,0,12,12,24,0,1,0,0
652,-30,5090,0,12,12,24,0,1,0,1
653,2,5090,0,12,12,24,0,1,0,0
654,-30,5105,0,12,12,24,0,1,0,1
655,2,5105,0,12,12,24,0,1,0,0
656,-30,5120,0,12,12,24,0,1,0,1
657,2,5120,0,12,12,24,0,1,0,0
658,-30,5135,0,12,12,24,0,1,0,1
659,2,5135,0,12,12,24,0,1,0,0
660,-30,5150,0,12,12,24,0,1,0,1
661,2,5150,0,12,12,24,0,1,0,0
662,-30,5165,0,12,12,24,0,1,0,1
663,2,5165,0,12,12,24,0,1,0,0
664,-30,5180,0,12,12,24,0,1,0,1
665,2,5180,0,12,12,24,0,1,0,0
666,-30,5195,0,12,12,24,0,1,0,1
667,2,5195,0,12,12,24,0,1,0,0
668,-30,5210,0,12,12,24,0,1,0,1
669,2,5210,0,12,12,24,0,1,0,0
670,-30,5225,0,12,12,24,0,1,0,1
671,2,5225,0,12,12,24,0,1,0,0
672,-30,5240,0,12,12,24,0,1,0,1
673,2,5240,0,12,12,24,0,1,0,0
674,-30,5255,0,12,12,24,0,1,0,1
675,2,5255,0,12,12,24,0,1,0,0
676,-30,5270,0,12,12,24,0,1,0,1
677,2,5270,0,12,12,24,0,1,0,0
678,-30,5285,0,12,12,24,0,1,0,1
679,2,5285,0,12,12,24,0,1,0,0
680,-30,5300,0,12,12,24,0,1,0,1
681,2,5300,0,12,12,24,0,1,0,0
682,-30,5315,0,12,12,24,0,1,0,1
683,2,5315,0,12,12,24,0,1,0,0
684,-30,5330,0,12,12,24,0,1,0,1
685,2,5330,0,12,12,24,0,1,0,0
686,-30,5345,0,12,12,24,0,1,0,1
687,2,5345,0,12,12,24,0,1,0,0
688,-30,5360,0,12,12,24,0,1,0,1
689,2,5360,0,12,12,24,0,1,0,0
690,-30,5375,0,12,12,24,0,1,0,1
691,2,5375,0,12,12,24,0,1,0,0
692,-30,5390,0,12,12,24,0,1,0,1
693,2,5390,0,12,12,24,0,1,0,0
694,-30,5405,0,12,12,24,0,1,0,1
695,2,5405,0,12,12,24,0,1,0,0
696,-30,5420,0,12,12,24,0,1,0,1
697,2,5420,0,12,12,24,0,1,0,0
698,-30,5435,0,12,12,24,0,1,0,1
699,2,5435,0,12,12,24,0,1,0,0
700,-30,5450,0,12,12,24,0,1,0,1
701,2,5450,0,12,12,24,0,1,0,0
702,-30,5465,0,12,12,24,0,1,0,1
703,2,5465,0,12,12,24,0,1,0,0
704,-30,5480,0,12,12,24,0,1,0,1
705,2,5480,0,12,12,24,0,1,0,0
706,-30,5495,0,12,12,24,0,1,0,1
707,2,5495,0,12,12,24,0,1,0,0
708,-30,5510,0,12,12,24,0,1,0,1
709,2,5510,0,12,12,24,0,1,0,0
710,-30,5525,0,12,12,24,0,1,0,1
711,2,5525,0,12,12,24,0,1,0,0
712,-30,5540,0,12,12,24,0,1,0,1
713,2,5540,0,12,12,24,0,1,0,0
714,-30,5555,0,12,12,24,0,1,0,1
715,2,5555,0,12,12,24,0,1,0,0
716,-30,5570,0,12,12,24,0,1,0,1
717,2,5570,0,12,12,24,0,1,0,0
718,-30,5585,0,12,12,24,0,1,0,1
719,2,5585,0,12,12,24,0,1,0,0
720,-30,5600,0,12,12,24,0,1,0,1
721,2,5600,0,12,12,24,0,1,0,0
722,-30,5615,0,12,12,24,0,1,0,1
723,2,5615,0,12,12,24,0,1,0,0
724,-30,5630,0,12,12,24,0,1,0,1
725,2,5630,0,12,12,24,0,1,0,0
726,-30,5645,0,12,12,24,0,1,0,1
727,2,5645,0,12,12,24,0,1,0,0
728,-30,5660,0,12,12,24,0,1,0,1
729,2,5660,0,12,12,24,0,1,0,0
730,-30,5675,0,12,12,24,0,1,0,1
731,2,5675,0,12,12,24,0,1,0,0
732,-30,5690,0,12,12,24,0,1,0,1
733,2,5690,0,12,12,24,0,1,0,0
734,-30,5705,0,12,12,24,0,1,0,1
735,2,5705,0,12,12,24,0,1,0,0
736,-30,5720,0,12,12,24,0,1,0,1
737,2,5720,0,12,12,24,0,1,0,0
738,-30,5735,0,12,12,24,0,1,0,1
739,2,5735,0,12,12,24,0,1,0,0
740,-30,5750,0,12,12,24,0,1,0,1
741,2,5750,0,12,12,24,0,1,0,0
742,-30,5765,0,12,12,24,0,1,0,1
743,2,5765,0,12,12,24,0,1,0,0
744,-30,5780,0,12,12,24,0,1,0,1
745,2,5780,0,12,12,24,0,1,0,0
746,-30,5795,0,12,12,24,0,1,0,1
747,2,5795,0,12,12,24,0,1,0,0
748,-30,5810,0,12,12,24,0,1,0,1
749,2,5810,0,12,12,24,0,1,0,0
750,-30,5825,0,12,12,24,0,1,0,1
751,2,5825,0,12,12,24,0,1,0,0
752,-30,5840,0,12,12,24,0,1,0,1
753,2,5840,0,12,12,24,0,1,0,0
754,-30,5855,0,12,12,24,0,1,0,1
755,2,5855,0,12,12,24,0,1,0,0
756,-30,5870,0,12,12,24,0,1,0,1
757,2,5870,0,12,12,24,0,1,0,0
758,-30,5885,0,12,12,24,0,1,0,1
759,2,5885,0,12,12,24,0,1,0,0
760,-30,5900,0,12,12,24,0,1,0,1
761,2,5900,0,12,12,24,0,1,0,0
762,-30,5915,0,12,12,24,0,1,0,1
763,2,5915,0,12,12,24,0,1,0,0
764,-30,5930,0,12,12,24,0,1,0,1
765,2,5930,0,12,12,24,0,1,0,0
766,-30,5945,0,12,12,24,0,1,0,1
767,2,5945,0,12,12,24,0,1,0,0
768,-30,5960,0,12,12,24,0,1,0,0
769,2,5960,0,12,12,24,0,1,0,0
770,-30,5975,0,12,12,24,0,1,0,0
771,2,5975,0,12,12,24,0,1,0,0
772,-30,5990,0,12,12,24,0,1,0,0
773,2,5990,0,12,12,24,0,1,0,0
774,-30,6005,0,12,12,24,0,1,0,0
775,2,6005,0,12,12,24,0,1,0,0
776,-30,6020,0,12,12,24,0,1,0,0
777,2,6020,0,12,12,24,0,1,0,0
778,-30,6035,0,12,12,24,0,1,0,0
779,2,6035,0,12,12,24,0,1,0,0
780,-30,6050,0,12,12,24,0,1,0,0
781,2,6050,0,12,12,24,0,1,0,0
782,-30,6065,0,12,12,24,0,1,0,0
783,2,6065,0,12,12,24,0,1,0,0
784,-30,6080,0,12,12,24,0,1,0,0
785,2,6080,0,12,12,24,0,1,0,0
786,-30,6095,0,12,12,24,0,1,0,0
787,2,6095,0,12,12,24,0,1,0,0
788,-30,6110,0,12,12,24,0,1,0,0
789,2,6110,0,12,12,24,0,1,0,0
790,-30,6125,0,12,12,24,0,1,0,0
791,2,6125,0,12,12,24,0,1,0,0
792,-30,6140,0,12,12,24,0,1,0,0
793,2,6140,0,12,12,24,0,1,0,0
794,-30,6155,0,12,12,24,0,1,0,0
795,2,6155,0,12,12,24,0,1,0,0
796,-30,6170,0,12,12,24,0,1,0,0
797,2,6170,0,12,12,24,0,1,0,0
798,-30,6185,0,12,12,24,0,1,0,0
799,2,6185,0,12,12,24,0,1,0,0
800,-30,6200,0,12,12,24,0,1,0,0
801,2,6200,0,12,12,24,0,1,0,0
802,-30,6215,0,12,12,24,0,1,0,0
803,2,6215,0,12,12,24,0,1,0,0
804,-30,6230,0,12,12,24,0,1,0,0
805,2,6230,0,12,12,24,0,1,0,0
806,-30,6245,0,12,12,24,0,1,0,0
807,2,6245,0,12,12,24,0,1,0,0
808,-30,6260,0,12,12,24,0,1,0,0
809,2,6260,0,12,12,24,0,1,0,0
810,-30,6275,0,12,12,24,0,1,0,0
811,2,6275,0,12,12,24,0,1,0,0
812,-30,6290,0,12,12,24,0,1,0,0
813,2,6290,0,12,12,24,0,1,0,0
814,-30,6305,0,12,12,24,0,1,0,0
815,2,6305,0,12,12,24,0,1,0,0
816,-30,6320,0,12,12,24,0,1,0,0
817,2,6320,0,12,12,24,0,1,0,0
818,-30,6335,0,12,12,24,0,1,0,0
819,2,6335,0,12,12,24,0,1,0,0
820,-30,6350,0,12,12,24,0,1,0,0
821,2,6350,0,12,12,24,0,1,0,0
822,-30,6365,0,12,12,24,0,1,0,0
823,2,6365,0,12,12,24,0,1,0,0
824,-30,6380,0,12,12,24,0,1,0,0
825,2,6380,0,12,12,24,0,1,0,0
826,-30,6395,0,12,12,24,0,1,0,0
827,2,6395,0,12,12,24,0,1,0,0
828,-30,6410,0,12,12,24,0,1,0,0
829,2,6410,0,12,12,24,0,1,0,0
830,-30,6425,0,12,12,24,0,1,0,0
831,2,6425,0,12,12,24,0,1,0,0
832,-30,6440,0,12,12,24,0,1,0,0
833,2,6440,0,12,12,24,0,1,0,0
834,-30,6455,0,12,12,24,0,1,0,0
835,2,6455,0,12,12,24,0,1,0,0
836,-30,6470,0,12,12,24,0,1,0,0
837,2,6470,0,12,12,24,0,1,0,0
838,-30,6485,0,12,12,24,0,1,0,0
839,2,6485,0,12,12,24,0,1,0,0
840,-30,6500,0,12,12,24,0,1,0,0
841,2,6500,0,12,12,24,0,1,0,0
842,-30,6515,0,12,12,24,0,1,0,0
843,2,6515,0,12,12,24,0,1,0,0
844,-30,6530,0,12,12,24,0,1,0,0
845,2,6530,0,12,12,24,0,1,0,0
846,-30,6545,0,12,12,24,0,1,0,0
847,2,6545,0,12,12,24,0,1,0,0
848,-30,6560,0,12,12,24,0,1,0,0
849,2,6560,0,12,12,24,0,1,0,0
850,-30,6575,0,12,12,24,0,1,0,0
851,2,6575,0,12,12,24,0,1,0,0
852,-30,6590,0,12,12,24,0,1,0,0
853,2,6590,0,12,12,24,0,1,0,0
854,-30,6605,0,12,12,24,0,1,0,0
855,2,6605,0,12,12,24,0,1,0,0
856,-30,6620,0,12,12,24,0,1,0,0
857,2,6620,0,12,12,24,0,1,0,0
858,-30,6635,0,12,12,24,0,1,0,0
859,2,6635,0,12,12,24,0,1,0,0
860,-30,6650,0,12,12,24,0,1,0,0
861,2,6650,0,12,12,24,0,1,0,0
862,-30,6665,0,12,12,24,0,1,0,0
863,2,6665,0,12,12,24,0,1,0,0
864,-30,6680,0,12,12,24,0,1,0,0
865,2,6680,0,12,12,24,0,1,0,0
866,-30,6695,0,12,12,24,0,1,0,0
867,2,6695,0,12,12,24,0,1,0,0
868,-30,6710,0,12,12,24,0,1,0,0
869,2,6710,0,12,12,24,0,1,0,0
870,-30,6725,0,12,12,24,0,1,0,0
871,2,6725,0,12,12,24,0,1,0,0
872,-30,6740,0,12,12,24,0,1,0,0
873,2,6740,0,12,12,24,0,1,0,0
874,-30,6755,0,12,12,24,0,1,0,0
875,2,6755,0,12,12,24,0,1,0,0
876,-30,6770,0,12,12,24,0,1,0,0
877,2,6770,0,12,12,24,0,1,0,0
878,-30,6785,0,12,12,24,0,1,0,0
879,2,6785,0,12,12,24,0,1,0,0
880,-30,6800,0,12,12,24,0,1,0,0
881,2,6800,0,12,12,24,0,1,0,0
882,-30,6815,0,12,12,24,0,1,0,0
883,2,6815,0,12,12,24,0,1,0,0
884,-30,6830,0,12,12,24,0,1,0,0
885,2,6830,0,12,12,24,0,1,0,0
886,-30,6845,0,12,12,24,0,1,0,0
887,2,6845,0,12,12,24,0,1,0,0
888,-30,6860,0,12,12,24,0,1,0,0
889,2,6860,0,12,12,24,0,1,0,0
890,-30,6875,0,12,12,24,0,1,0,0
891,2,6875,0,12,12,24,0,1,0,0
892,-30,6890,0,12,12,24,0,1,0,0
893,2,6890,0,12,12,24,0,1,0,0
894,-30,6905,0,12,12,24,0,1,0,0
895,2,6905,0,12,12,24,0,1,0,0
896,-30,6920,0,12,12,24,0,1,0,0
897,2,6920,0,12,12,24,0,1,0,0
898,-30,6935,0,12,12,24,0,1,0,0
899,2,6935,0,12,12,24,0,1,0,0
900,-30,6950,0,12,12,24,0,1,0,0
901,2,6950,0,12,12,24,0,1,0,0
902,-30,6965,0,12,12,24,0,1,0,0
903,2,6965,0,12,12,24,0,1,0,0
904,-30,6980,0,12,12,24,0,1,0,0
905,2,6980,0,12,12,24,0,1,0,0
906,-30,6995,0,12,12,24,0,1,0,0
907,2,6995,0,12,12,24,0,1,0,0
908,-30,7010,0,12,12,24,0,1,0,0
909,2,7010,0,12,12,24,0,1,0,0
910,-30,7025,0,12,12,24,0,1,0,0
911,2,7025,0,12,12,24,0,1,0,0
912,-30,7040,0,12,12,24,0,1,0,0
913,2,7040,0,12,12,24,0,1,0,0
914,-30,7055,0,12,12,24,0,1,0,0
915,2,7055,0,12,12,24,0,1,0,0
916,-30,7070,0,12,12,24,0,1,0,0
917,2,7070,0,12,12,24,0,1,0,0
918,-30,7085,0,12,12,24,0,1,0,0
919,2,7085,0,12,12,24,0,1,0,0
920,-30,7100,0,12,12,24,0,1,0,0
921,2,7100,0,12,12,24,0,1,0,0
922,-30,7115,0,12,12,24,0,1,0,0
923,2,7115,0,12,12,24,0,1,0,0
924,-30,7130,0,12,12,24,0,1,0,0
925,2,7130,0,12,12,24,0,1,0,0
926,-30,7145,0,12,12,24,0,1,0,0
927,2,7145,0,12,12,24,0,1,0,0
928,-30,7160,0,12,12,24,0,1,0,0
929,2,7160,0,12,12,24,0,1,0,0
930,-30,7175,0,12,12,24,0,1,0,0
931,2,7175,0,12,12,24,0,1,0,0
932,-30,7190,0,12,12,24,0,1,0,0
933,2,7190,0,12,12,24,0,1,0,0
934,-30,7205,0,12,12,24,0,1,0,0
935,2,7205,0,12,12,24,0,1,0,0
936,-30,7220,0,12,12,24,0,1,0,0
937,2,7220,0,12,12,24,0,1,0,0
938,-30,7235,0,12,12,24,0,1,0,0
939,2,7235,0,12,12,24,0,1,0,0
940,-30,7250,0,12,12,24,0,1,0,0
941,2,7250,0,12,12,24,0,1,0,0
942,-30,7265,0,12,12,24,0,1,0,0
943,2,7265,0,12,12,24,0,1,0,0
944,-30,7280,0,12,12,24,0,1,0,0
945,2,7280,0,12,12,24,0,1,0,0
946,-30,7295,0,12,12,24,0,1,0,0
947,2,7295,0,12,12,24,0,1,0,0
948,-30,7310,0,12,12,24,0,1,0,0
949,2,7310,0,12,12,24,0,1,0,0
950,-30,7325,0,12,12,24,0,1,0,0
951,2,7325,0,12,12,24,0,1,0,0
952,-30,7340,0,12,12,24,0,1,0,0
953,2,7340,0,12,12,24,0,1,0,0
954,-30,7355,0,12,12,24,0,1,0,0
955,2,7355,0,12,12,24,0,1,0,0
956,-30,7370,0,12,12,24,0,1,0,0
957,2,7370,0,12,12,24,0,1,0,0
958,-30,7385,0,12,12,24,0,1,0,0
959,2,7385,0,12,12,24,0,1,0,0
960,-30,7400,0,12,12,24,0,1,0,0
961,2,7400,0,12,12,24,0,1,0,0
962,-30,7415,0,12,12,24,0,1,0,0
963,2,7415,0,12,12,24,0,1,0,0
964,-30,7430,0,12,12,24,0,1,0,0
965,2,7430,0,12,12,24,0,1,0,0
966,-30,7445,0,12,12,24,0,1,0,0
967,2,7445,0,12,12,24,0,1,0,0
968,-30,7460,0,12,12,24,0,1,0,0
969,2,7460,0,12,12,24,0,1,0,0
970,-30,7475,0,12,12,24,0,1,0,0
971,2,7475,0,12,12,24,0,1,0,0
972,-30,7490,0,12,12,24,0,1,0,0
973,2,7490,0,12,12,24,0,1,0,0
974,-30,7505,0,12,12,24,0,1,0,0
975,2,7505,0,12,12,24,0,1,0,0
976,-30,7520,0,12,12,24,0,1,0,0
977,2,7520,0,12,12,24,0,1,0,0
978,-30,7535,0,12,12,24,0,1,0,0
979,2,7535,0,12,12,24,0,1,0,0
980,-30,7550,0,12,12,24,0,1,0,0
981,2,7550,0,12,12,24,0,1,0,0
982,-30,7565,0,12,12,24,0,1,0,0
983,2,7565,0,12,12,24,0,1,0,0
984,-30,7580,0,12,12,24,0,1,0,0
985,2,7580,0,12,12,24,0,1,0,0
986,-30,7595,0,12,12,24,0,1,0,0
987,2,7595,0,12,12,24,0,1,0,0
988,-30,7610,0,12,12,24,0,1,0,0
989,2,7610,0,12,12,24,0,1,0,0
990,-30,7625,0,12,12,24,0,1,0,0
991,2,7625,0,12,12,24,0,1,0,0
992,-30,7640,0,12,12,24,0,1,0,0
993,2,7640,0,12,12,24,0,1,0,0
994,-30,7655,0,12,12,24,0,1,0,0
995,2,7655,0,12,12,24,0,1,0,0
996,-30,7670,0,12,12,24,0,1,0,0
997,2,7670,0,12,12,24,0,1,0,0
998,-30,7685,0,12,12,24,0,1,0,0
999,2,7685,0,12,12,24,0,1,0,0
1000,-30,7700,0,12,12,24,0,1,0,0
1001,2,7700,0,12,12,24,0,1,0,0
1002,-30,7715,0,12,12,24,0,1,0,0
1003,2,7715,0,12,12,24,0,1,0,0
1004,-30,7730,0,12,12,24,0,1,0,0
1005,2,7730,0,12,12,24,0,1,0,0
1006,-30,7745,0,12,12,24,0,1,0,0
1007,2,7745,0,12,12,24,0,1,0,0
1008,-30,7760,0,12,12,24,0,1,0,0
1009,2,7760,0,12,12,24,0,1,0,0
1010,-30,7775,0,12,12,24,0,1,0,0
1011,2,7775,0,12,12,24,0,1,0,0
1012,-30,7790,0,12,12,24,0,1,0,0
1013,2,7790,0,12,12,24,0,1,0,0
1014,-30,7805,0,12,12,24,0,1,0,0
1015,2,7805,0,12,12,24,0,1,0,0
1016,-30,7820,0,12,12,24,0,1,0,0
1017,2,7820,0,12,12,24,0,1,0,0
1018,-30,7835,0,12,12,24,0,1,0,0
1019,2,7835,0,12,12,24,0,1,0,0
1020,-30,7850,0,12,12,24,0,1,0,0
1021,2,7850,0,12,12,24,0,1,0,0
1022,-30,7865,0,12,12,24,0,1,0,0
1023,2,7865,0,12,12,24,0,1,0,0
1024,-30,7880,0,12,12,24,0,1,0,0
1025,2,7880,0,12,12,24,0,1,0,0
1026,-30,7895,0,12,12,24,0,1,0,0
1027,2,7895,0,12,12,24,0,1,0,0
1028,-30,7910,0,12,12,24,0,1,0,0
1029,2,7910,0,12,12,24,0,1,0,0
1030,-30,7925,0,12,12,24,0,1,0,0
1031,2,7925,0,12,12,24,0,1,0,0
1032,-30,7940,0,12,12,24,0,1,0,0
1033,2,7940,0,12,12,24,0,1,0,0
1034,-30,7955,0,12,12,24,0,1,0,0
1035,2,7955,0,12,12,24,0,1,0,0
1036,-30,7970,0,12,12,24,0,1,0,0
1037,2,7970,0,12,12,24,0,1,0,0
1038,-30,7985,0,12,12,24,0,1,0,0
1039,2,7985,0,12,12,24,0,1,0,0
1040,-30,8000,0,12,12,24,0,1,0,0
1041,2,8000,0,12,12,24,0,1,0,0
1042,-30,8015,0,12,12,24,0,1,0,0
1043,2,8015,0,12,12,24,0,1,0,0
1044,-30,8030,0,12,12,24,0,1,0,0
1045,2,8030,0,12,12,24,0,1,0,0
1046,-30,8045,0,12,12,24,0,1,0,0
1047,2,8045,0,12,12,24,0,1,0,0
1048,-30,8060,0,12,12,24,0,1,0,0
1049,2,8060,0,12,12,24,0,1,0,0
1050,-30,8075,0,12,12,24,0,1,0,0
1051,2,8075,0,12,12,24,0,1,0,0
1052,-30,8090,0,12,12,24,0,1,0,0
1053,2,8090,0,12,12,24,0,1,0,0
1054,-30,8105,0,12,12,24,0,1,0,0
1055,2,8105,0,12,12,24,0,1,0,0
1056,-30,8120,0,12,12,24,0,1,0,0
1057,2,8120,0,12,12,24,0,1,0,0
1058,-30,8135,0,12,12,24,0,1,0,0
1059,2,8135,0,12,12,24,0,1,0,0
1060,-30,8150,0,12,12,24,0,1,0,0
1061,2,8150,0,12,12,24,0,1,0,0
1062,-30,8165,0,12,12,24,0,1,0,0
1063,2,8165,0,12,12,24,0,1,0,0
1064,-30,8180,0,12,12,24,0,1,0,0
1065,2,8180,0,12,12,24,0,1,0,0
1066,-30,8195,0,12,12,24,0,1,0,0
1067,2,8195,0,12,12,24,0,1,0,0
1068,-30,8210,0,12,12,24,0,1,0,0
1069,2,8210,0,12,12,24,0,1,0,0
1070,-30,8225,0,12,12,24,0,1,0,0
1071,2,8225,0,12,12,24,0,1,0,0
1072,-30,8240,0,12,12,24,0,1,0,0
1073,2,8240,0,12,12,24,0,1,0,0
1074,-30,8255,0,12,12,24,0,1,0,0
1075,2,8255,0,12,12,24,0,1,0,0
1076,-30,8270,0,12,12,24,0,1,0,0
1077,2,8270,0,12,12,24,0,1,0,0
1078,-30,8285,0,12,12,24,0,1,0,0
1079,2,8285,0,12,12,24,0,1,0,0
1080,-30,8300,0,12,12,24,0,1,0,0
1081,2,8300,0,12,12,24,0,1,0,0
1082,-30,8315,0,12,12,24,0,1,0,0
1083,2,8315,0,12,12,24,0,1,0,0
1084,-30,8330,0,12,12,24,0,1,0,0
1085,2,8330,0,12,12,24,0,1,0,0
1086,-30,8345,0,12,12,24,0,1,0,0
1087,2,8345,0,12,12,24,0,1,0,0
1088,-30,8360,0,12,12,24,0,1,0,0
1089,2,8360,0,12,12,24,0,1,0,0
1090,-30,8375,0,12,12,24,0,1,0,0
1091,2,8375,0,12,12,24,0,1,0,0
1092,-30,8390,0,12,12,24,0,1,0,0
1093,2,8390,0,12,12,24,0,1,0,0
1094,-30,8405,0,12,12,24,0,1,0,0
1095,2,8405,0,12,12,24,0,1,0,0
1096,-30,8420,0,12,12,24,0,1,0,0
1097,2,8420,0,12,12,24,0,1,0,0
1098,-30,8435,0,12,12,24,0,1,0,0
1099,2,8435,0,12,12,24,0,1,0,0
1100,-30,8450,0,12,12,24,0,1,0,0
1101,2,8450,0,12,12,24,0,1,0,0
1102,-30,8465,0,12,12,24,0,1,0,0
1103,2,8465,0,12,12,24,0,1,0,0
1104,-30,8480,0,12,12,24,0,1,0,0
1105,2,8480,0,12,12,24,0,1,0,0
1106,-30,8495,0,12,12,24,0,1,0,0
1107,2,8495,0,12,12,24,0,1,0,0
1108,-30,8510,0,12,12,24,0,1,0,0
1109,2,8510,0,12,12,24,0,1,0,0
1110,-30,8525,0,12,12,24,0,1,0,0
1111,2,8525,0,12,12,24,0,1,0,0
1112,-30,8540,0,12,12,24,0,1,0,0
1113,2,8540,0,12,12,24,0,1,0,0
1114,-30,8555,0,12,12,24,0,1,0,0
1115,2,8555,0,12,12,24,0,1,0,0
1116,-30,8570,0,12,12,24,0,1,0,0
1117,2,8570,0,12,12,24,0,1,0,0
1118,-30,8585,0,12,12,24,0,1,0,0
1119,2,8585,0,12,12,24,0,1,0,0
1120,-30,8600,0,12,12,24,0,1,0,0
1121,2,8600,0,12,12,24,0,1,0,0
1122,-30,8615,0,12,12,24,0,1,0,0
1123,2,8615,0,12,12,24,0,1,0,0
1124,-30,8630,0,12,12,24,0,1,0,0
1125,2,8630,0,12,12,24,0,1,0,0
1126,-30,8645,0,12,12,24,0,1,0,0
1127,2,8645,0,12,12,24,0,1,0,0
1128,-30,8660,0,12,12,24,0,1,0,0
1129,2,8660,0,12,12,24,0,1,0,0
1130,-30,8675,0,12,12,24,0,1,0,0
1131,2,8675,0,12,12,24,0,1,0,0
1132,-30,8690,0,12,12,24,0,1,0,0
1133,2,8690,0,12,12,24,0,1,0,0
1134,-30,8705,0,12,12,24,0,1,0,0
1135,2,8705,0,12,12,24,0,1,0,0
1136,-30,8720,0,12,12,24,0,1,0,0
1137,2,8720,0,12,12,24,0,1,0,0
1138,-30,8735,0,12,12,24,0,1,0,0
1139,2,8735,0,12,12,24,0,1,0,0
1140,-30,8750,0,12,12,24,0,1,0,0
1141,2,8750,0,12,12,24,0,1,0,0
1142,-30,8765,0,12,12,24,0,1,0,0
1143,2,8765,0,12,12,24,0,1,0,0
1144,-30,8780,0,12,12,24,0,1,0,0
1145,2,8780,0,12,12,24,0,1,0,0
1146,-30,8795,0,12,12,24,0,1,0,0
1147,2,8795,0,12,12,24,0,1,0,0
1148,-30,8810,0,12,12,24,0,1,0,0
1149,2,8810,0,12,12,24,0,1,0,0
1150,-30,8825,0,12,12,24,0,1,0,0
1151,2,8825,0,12,12,24,0,1,0,0
1152,-30,8840,0,12,12,24,0,1,0,0
1153,2,8840,0,12,12,24,0,1,0,0
1154,-30,8855,0,12,12,24,0,1,0,0
1155,2,8855,0,12,12,24,0,1,0,0
1156,-30,8870,0,12,12,24,0,1,0,0
1157,2,8870,0,12,12,24,0,1,0,0
1158,-30,8885,0,12,12,24,0,1,0,0
1159,2,8885,0,12,12,24,0,1,0,0
1160,-30,8900,0,12,12,24,0,1,0,0
1161,2,8900,0,12,12,24,0,1,0,0
1162,-30,8915,0,12,12,24,0,1,0,0
1163,2,8915,0,12,12,24,0,1,0,0
1164,-30,8930,0,12,12,24,0,1,0,0
1165,2,8930,0,12,12,24,0,1,0,0
1166,-30,8945,0,12,12,24,0,1,0,0
1167,2,8945,0,12,12,24,0,1,0,0
1168,-30,8960,0,12,12,24,0,1,0,0
1169,2,8960,0,12,12,24,0,1,0,0
1170,-30,8975,0,12,12,24,0,1,0,0
1171,2,8975,0,12,12,24,0,1,0,0
1172,-30,8990,0,12,12,24,0,1,0,0
1173,2,8990,0,12,12,24,0,1,0,0
1174,-30,9005,0,12,12,24,0,1,0,0
1175,2,9005,0,12,12,24,0,1,0,0
1176,-30,9020,0,12,12,24,0,1,0,0
1177,2,9020,0,12,12,24,0,1,0,0
1178,-30,9035,0,12,12,24,0,1,0,0
1179,2,9035,0,12,12,24,0,1,0,0
1180,-30,9050,0,12,12,24,0,1,0,0
1181,2,9050,0,12,12,24,0,1,0,0
1182,-30,9065,0,12,12,24,0,1,0,0
1183,2,9065,0,12,12,24,0,1,0,0
1184,-30,9080,0,12,12,24,0,1,0,0
1185,2,9080,0,12,12,24,0,1,0,0
1186,-30,9095,0,12,12,24,0,1,0,0
1187,2,9095,0,12,12,24,0,1,0,0
1188,-30,9110,0,12,12,24,0,1,0,0
1189,2,9110,0,12,12,24,0,1,0,0
1190,-30,9125,0,12,12,24,0,1,0,0
1191,2,9125,0,12,12,24,0,1,0,0
1192,-30,9140,0,12,12,24,0,1,0,0
1193,2,9140,0,12,12,24,0,1,0,0
1194,-30,9155,0,12,12,24,0,1,0,0
1195,2,9155,0,12,12,24,0,1,0,0
1196,-30,9170,0,12,12,24,0,1,0,0
1197,2,9170,0,12,12,24,0,1,0,0
1198,-30,9185,0,12,12,24,0,1,0,0
1199,2,9185,0,12,12,24,0,1,0,0
1200,-30,9200,0,12,12,24,0,1,0,0
1201,2,9200,0,12,12,24,0,1,0,0
1202,-30,9215,0,12,12,24,0,1,0,0
1203,2,9215,0,12,12,24,0,1,0,0
1204,-30,9230,0,12,12,24,0,1,0,0
1205,2,9230,0,12,12,24,0,1,0,0
1206,-30,9245,0,12,12,24,0,1,0,0
1207,2,9245,0,12,12,24,0,1,0,0
1208,-30,9260,0,12,12,24,0,1,0,0
1209,2,9260,0,12,12,24,0,1,0,0
1210,-30,9275,0,12,12,24,0,1,0,0
1211,2,9275,0,12,12,24,0,1,0,0
1212,-30,9290,0,12,12,24,0,1,0,0
1213,2,9290,0,12,12,24,0,1,0,0
1214,-30,9305,0,12,12,24,0,1,0,0
1215,2,9305,0,12,12,24,0,1,0,0
1216,-30,9320,0,12,12,24,0,1,0,0
1217,2,9320,0,12,12,24,0,1,0,0
1218,-30,9335,0,12,12,24,0,1,0,0
1219,2,9335,0,12,12,24,0,1,0,0
1220,-30,9350,0,12,12,24,0,1,0,0
1221,2,9350,0,12,12,24,0,1,0,0
1222,-30,9365,0,12,12,24,0,1,0,0
1223,2,9365,0,12,12,24,0,1,0,0
1224,-30,9380,0,12,12,24,0,1,0,0
1225,2,9380,0,12,12,24,0,1,0,0
1226,-30,9395,0,12,12,24,0,1,0,0
1227,2,9395,0,12,12,24,0,1,0,0
1228,-30,9410,0,12,12,24,0,1,0,0
1229,2,9410,0,12,12,24,0,1,0,0
1230,-30,9425,0,12,12,24,0,1,0,0
1231,2,9425,0,12,12,24,0,1,0,0
1232,-30,9440,0,12,12,24,0,1,0,0
1233,2,9440,0,12,12,24,0,1,0,0
1234,-30,9455,0,12,12,24,0,1,0,0
1235,2,9455,0,12,12,24,0,1,0,0
1236,-30,9470,0,12,12,24,0,1,0,0
1237,2,9470,0,12,12,24,0,1,0,0
1238,-30,9485,0,12,12,24,0,1,0,0
1239,2,9485,0,12,12,24,0,1,0,0
1240,-30,9500,0,12,12,24,0,1,0,0
1241,2,9500,0,12,12,24,0,1,0,0
1242,-30,9515,0,12,12,24,0,1,0,0
1243,2,9515,0,12,12,24,0,1,0,0
1244,-30,9530,0,12,12,24,0,1,0,0
1245,2,9530,0,12,12,24,0,1,0,0
1246,-30,9545,0,12,12,24,0,1,0,0
1247,2,9545,0,12,12,24,0,1,0,0
1248,-30,9560,0,12,12,24,0,1,0,0
1249,2,9560,0,12,12,24,0,1,0,0
1250,-30,9575,0,12,12,24,0,1,0,0
1251,2,9575,0,12,12,24,0,1,0,0
1252,-30,9590,0,12,12,24,0,1,0,0
1253,2,9590,0,12,12,24,0,1,0,0
1254,-30,9605,0,12,12,24,0,1,0,0
1255,2,9605,0,12,12,24,0,1,0,0
1256,-30,9620,0,12,12,24,0,1,0,0
1257,2,9620,0,12,12,24,0,1,0,0
1258,-30,9635,0,12,12,24,0,1,0,0
1259,2,9635,0,12,12,24,0,1,0,0
1260,-30,9650,0,12,12,24,0,1,0,0
1261,2,9650,0,12,12,24,0,1,0,0
1262,-30,9665,0,12,12,24,0,1,0,0
1263,2,9665,0,12,12,24,0,1,0,0
1264,-30,9680,0,12,12,24,0,1,0,0
1265,2,9680,0,12,12,24,0,1,0,0
1266,-30,9695,0,12,12,24,0,1,0,0
1267,2,9695,0,12,12,24,0,1,0,0
1268,-30,9710,0,12,12,24,0,1,0,0
1269,2,9710,0,12,12,24,0,1,0,0
1270,-30,9725,0,12,12,24,0,1,0,0
1271,2,9725,0,12,12,24,0,1,0,0
1272,-30,9740,0,12,12,24,0,1,0,0
1273,2,9740,0,12,12,24,0,1,0,0
1274,-30,9755,0,12,12,24,0,1,0,0
1275,2,9755,0,12,12,24,0,1,0,0
1276,-30,9770,0,12,12,24,0,1,0,0
1277,2,9770,0,12,12,24,0,1,0,0
1278,-30,9785,0,12,12,24,0,1,0,0
1279,2,9785,0,12,12,24,0,1,0,0
